OrderLineID,TransactionID,ProductID,Quantity,UnitPrice,Discount,LineTotal
"OL-1","TRN-9001","C302","1","","0","50"
" OL-2 ","TRN-9002","P202","2","65","0.1","117"
"OL-2","TRN-9002","P202","2","65","0.1","117"
"OL-4","TRN-9003","","3","","","195"
"OL-5","TRN-9003","P202","2","65","0","130"
" OL-6 ","TRN-9004","#N/A","3","50","0","150"
"","TRN-9004","C304","1","58","0","58"
"OL-7","TRN-9004","C304","1","58","0","58"
"OL-9","TRN-9004","P103","3","95","0","285"
"OL-10","TRN-9005"," C301 ","2","55","","110"
"OL-11","TRN-9005","","2","60","0","120"
"#N/A","TRN-9006","P101","2","85","0.05","161.5"
"","TRN-9006","P103","3","95","","270.75"
"OL-14","","P203","2","68","0.1","122.4"
"OL-15","TRN-9007","C303","3","60","0.1","162"
"OL-16","","P201","3","70","0.1",""
"OL-17"," TRN-9008 ","P102","1","80","0.1","72"
"OL-18","TRN-9008","P102","1","80","0.1","72"
"OL-19","TRN-9009","P202","1","65","0","65"
"OL-20","TRN-9009","","","70","0","210"
"OL-21","TRN-9009","C303","3","60","0","180"
"OL-22","TRN-9010","","2","68","0","136"
"OL-23"," TRN-9011 ","P202","1","65","0.1","58.5"
"OL-24","TRN-9011","C304","3","58","0.1","156.6"
"OL-24","TRN-9011","C304","3","58","0.1","156.6"
"OL-25","TRN-9011","P102","1","80","0.1","72"
"#N/A","TRN-9012","P102","1","80","","80"
"OL-27","TRN-9012","P102","1","80","0","80"
"OL-28","TRN-9013","P103","2","95","0","190"
"OL-30","TRN-9013","C304","1","58","0","58"
"OL-31","TRN-9013","P203","3","68","0","204"
"","TRN-9014"," C301 ","2","","0","110"
"OL-32","TRN-9014","C301","2","55","0","110"
" OL-34 ","TRN-9015","C301","1","55","0.1","49.5"
"OL-35","TRN-9015","P202","1","65","0.1","58.5"
"OL-36"," TRN-9015 ","P203","","68","0.1","61.2"
"OL-37","TRN-9016","C303","3","60","0","180"
"OL-38","TRN-9017","C301","1","55","0","55"
"OL-39","TRN-9017","P102","","80","0","160"
"OL-40","TRN-9017","","1","95","0","95"
"","TRN-9018","P102","2","80","0","160"
" OL-42 ","TRN-9018","P103","1","95","0","95"
"","","","3","68","0","204"
"OL-44","TRN-9019","P101","3","85","0",""
"OL-45"," TRN-9019 "," P103 ","2","95","0","190"
"OL-46","TRN-9020","P201","3","70","0.15","178.5"
"OL-47","TRN-9020","C303","1","60","0.15","51"
"OL-48","TRN-9020","P102","2","80","0.15","136"
"OL-49","TRN-9021","P103","3","95","0","285"
"OL-49","TRN-9021","P103","3","95","0","285"
"OL-51","TRN-9021","C302","","50","0","150"
"OL-52","","P201","","70","","59.5"
"OL-53"," TRN-9022 ","","3","","0.15","173.4"
"OL-53","TRN-9022","P203","3","68","0.15","173.4"
"","TRN-9023","#N/A","3","","0.1","175.5"
"OL-56","TRN-9023","","3","50","0.1","135"
"OL-57","TRN-9023","P201","3","70","0.1","189"
"OL-57","TRN-9023","P201","3","70","0.1","189"
"OL-59","TRN-9024","","3","60","0.05","171"
"#N/A"," TRN-9025 ","C304","2","58","","116"
"OL-61","TRN-9025","P103","2","95","0","190"
"OL-62","TRN-9026"," P101 ","1","","0","85"
"OL-63","TRN-9027","P103","1","95","0","95"
"","TRN-9027","P203","3","68","0","204"
"","TRN-9027","#N/A","2","55","0","110"
"OL-66","TRN-9028"," C304 ","3","58","0.05","165.3"
" OL-67 "," TRN-9028 ","P203","3","68","0.05","193.8"
"","TRN-9028","P202","2","65","0.05","123.5"
"OL-69"," TRN-9029 "," C301 ","2","55","0",""
"OL-70"," TRN-9029 ","P203","1","","0","68"
"OL-71","TRN-9029","C304","1","58","0","58"
"OL-71","TRN-9029","C304","1","58","0","58"
"OL-73","TRN-9030","C304","2","58","0.1","104.4"
"","TRN-9031","P103","","","0","190"
"OL-75","","P101","1","85","0.15","72.25"
"OL-76","TRN-9032","P201","1","70","0.15","59.5"
"OL-76","TRN-9032","P201","1","70","0.15","59.5"
"OL-78","TRN-9033","P201","2","70","0","140"
"#N/A","TRN-9033","","2","60","0","120"
"OL-80","TRN-9033","C304","1","58","0","58"
" OL-81 ","TRN-9033","P101","1","85","0","85"
"OL-82"," TRN-9034 ","P201","3","70","0.1","189"
"OL-83","TRN-9034","","2","60","0.1","108"
"OL-84","TRN-9034","","3","55","0.1","148.5"
"OL-85"," TRN-9035 "," C302 ","","50","0.1","90"
"OL-86","TRN-9035","P202","3","65","0.1",""
"OL-87","TRN-9035","","1","68","0.1","61.2"
"OL-88","TRN-9036","C301","3","55","0.1","148.5"
"OL-89","TRN-9036","C304","2","58","0.1",""
"","TRN-9036","C304","1","58","","52.2"
"OL-91","TRN-9037","P101","3","85","0","255"
"OL-92","TRN-9037","P102","1","80","0","80"
"OL-93","","C304","3","58","0","174"
"OL-94","","P202","3","65","0",""
"OL-94","TRN-9039","P202","3","65","0","195"
"#N/A","TRN-9040"," P202 ","3","65","",""
"","TRN-9040","","1","60","0","60"
"OL-98","TRN-9040","P101","3","85","","255"
"#N/A","TRN-9040","","2","95","0","190"
"","TRN-9041","C301","1","55","0.1","49.5"
"OL-101","TRN-9041","#N/A","1","68","0.1","61.2"
"OL-102","TRN-9041","P203","1","68","0.1","61.2"
"OL-102","TRN-9041","P203","1","68","0.1","61.2"
"","","P201","1","70","0.05","66.5"
"OL-105","TRN-9042","C303","1","","0.05","57"
"OL-106","TRN-9042","P103","2","95","0.05","180.5"
"","TRN-9043","C303","1","60","0","60"
"OL-108","TRN-9044","P202","2","65","",""
"OL-108","TRN-9044","P202","2","65","0","130"
"OL-110"," TRN-9044 ","P201","1","","0","70"
"OL-111","#N/A"," P101 ","2","85","","170"
"OL-112"," TRN-9045 ","C301","1","55","0","55"
"OL-113","TRN-9045","C301","2","55","0","110"
"","TRN-9045","","3","68","","204"
" OL-115 ","TRN-9046","P101","1","85","0","85"
"OL-116"," TRN-9047 "," C301 ","2","55","0.05",""
"OL-117"," TRN-9047 ","C301","1","55","0.05","52.25"
"OL-118","TRN-9048"," P203 ","1","68","0","68"
"OL-119"," TRN-9049 ","C302","3","50","0","150"
"","","C302","2","","","100"
"","TRN-9049","P101","2","85","0","170"
"OL-122","TRN-9050","P202","1","65","0","65"
"OL-123","TRN-9050","P203","2","68","0","136"
"OL-123","TRN-9050","P203","2","68","0","136"
"OL-125","TRN-9051","P201","3","70","0","210"
"OL-126","TRN-9051","C301","","55","0","165"
"OL-127","TRN-9052","P102","3","80","0","240"
"OL-128","TRN-9053","C301","3","55","0","165"
"OL-129","TRN-9054","","3","85","0","255"
"OL-130","TRN-9054"," P103 ","3","95","0","285"
"OL-131"," TRN-9055 ","C302","2","50","0.1","90"
"OL-132"," TRN-9055 ","P201","2","70","0.1","126"
"OL-133","TRN-9055","P203","1","68","0.1","61.2"
"OL-134","TRN-9056","C304","2","58","0","116"
"OL-135","TRN-9056","P201","3","70","0","210"
"OL-136","TRN-9056","P102","2","80","0","160"
" OL-137 ","TRN-9056","P201","","70","",""
"OL-137","TRN-9056","P201","3","70","0","210"
"","TRN-9057"," P203 ","2","68","0","136"
"OL-140","TRN-9057","P203","","","0","68"
"#N/A","TRN-9058","P102","1","80","0","80"
"OL-141","TRN-9058","P102","1","80","0","80"
"OL-142","TRN-9059","P103","3","95","0","285"
"OL-144","","P202","2","65","0","130"
"OL-145","","P101","1","85","0","85"
" OL-146 ","TRN-9060","C303","1","60","0","60"
"OL-147","","#N/A","2","70","0","140"
"","TRN-9060","","2","65","0","130"
"OL-149","TRN-9061","P103","1","95","0","95"
"OL-150"," TRN-9061 ","C304","1","","0","58"
"OL-151","TRN-9061","P103","1","95","","95"
"OL-151","TRN-9061","P103","1","95","0","95"
"OL-153","TRN-9062","P202","2","65","0","130"
"OL-154","TRN-9063","P202","","65","0","195"
"OL-155","","P103","3","95","","285"
"OL-155","TRN-9063","P103","3","95","0","285"
"OL-157","TRN-9064","C303","2","60","","120"
"OL-158","TRN-9064"," P202 ","","","","65"
"OL-159","TRN-9064"," C301 ","3","55","","165"
"","TRN-9064","P202","1","65","0","65"
"OL-161","TRN-9065","P201","2","70","0.05","133"
"OL-162","","#N/A","1","95","0","95"
"OL-163","TRN-9067","P103","2","","0.1","171"
"OL-164","TRN-9067","C303","3","60","0.1","162"
"OL-165","TRN-9067","P201","2","70","0.1","126"
"OL-166","TRN-9067","P101","2","85","0.1","153"
"OL-166","TRN-9067","P101","2","85","0.1","153"
"OL-168","TRN-9068","P203","3","","0.15","173.4"
"OL-168","TRN-9068","P203","3","68","0.15","173.4"
" OL-170 ","TRN-9069","C302","","50","","90"
"","TRN-9070","P203","3","","0","204"
" OL-172 ","TRN-9070","P203","1","68","0","68"
"OL-173","TRN-9070","","","80","0","160"
"OL-174","TRN-9070","P102","3","80","0","240"
"OL-175","TRN-9071","P202","2","65","0",""
"OL-176","TRN-9071"," C303 ","2","60","0","120"
"OL-177","TRN-9072","C304","3","58","0.05",""
"OL-178","TRN-9072","C301","1","","0.05",""
" OL-179 ",""," P203 ","3","68","0","204"
"OL-180","TRN-9073","C304","1","58","0","58"
" OL-181 ",""," P203 ","1","68","0","68"
"OL-181","TRN-9073","P203","1","68","0","68"
"","#N/A","C301","1","55","0","55"
"OL-184"," TRN-9076 ","C303","3","60","0.15","153"
"OL-185","TRN-9077"," C304 ","3","58","0.15","147.9"
"OL-186","TRN-9077","P102","3","80","0.15","204"
" OL-187 ","TRN-9077","C302","3","50","0.15",""
"OL-188","TRN-9077"," C302 ","2","50","0.15","85"
"OL-189"," TRN-9078 ","C303","2","60","0","120"
"OL-190","TRN-9078","C301","3","55","0",""
"OL-190","TRN-9078","C301","3","55","0","165"
"OL-191","TRN-9078","C302","3","50","0","150"
"OL-193","TRN-9079","C302","3","50","","150"
" OL-194 ","#N/A","C302","3","50","0","150"
"OL-195","TRN-9079","P202","2","65","0","130"
"OL-196","TRN-9080","P202","2","65","0","130"
"OL-197","TRN-9081","P101","2","85","0","170"
"OL-198","TRN-9082","P203","","68","0","68"
"OL-199"," TRN-9082 ","","","58","0","58"
"OL-200","TRN-9082","P202","3","65","0","195"
"OL-200","TRN-9082","P202","3","65","0","195"
"OL-202","TRN-9084","P101","","","0",""
"OL-203","TRN-9084","P101","1","85","0","85"
"OL-204","TRN-9084","C304","3","58","0","174"
"OL-205","TRN-9084","C301","3","55","0","165"
"OL-205","TRN-9084","C301","3","55","0","165"
"OL-207","TRN-9085","P101","2","","0.1","153"
"OL-208"," TRN-9085 "," P102 ","2","80","0.1","144"
"OL-208","TRN-9085","P102","2","80","0.1","144"
"OL-209","TRN-9085","P201","2","70","0.1","126"
"OL-211","TRN-9086","P103","","95","0","285"
"","TRN-9087","P103","2","95","0.15","161.5"
"OL-213","TRN-9088","P103","2","95","0","190"
"OL-214","TRN-9088","P202","3","65","0","195"
"OL-215","TRN-9088"," C304 ","","58","0","174"
"OL-216","TRN-9089","P101","3","85","0.05","242.25"
"OL-217"," TRN-9089 ","","1","95","0.05","90.25"
"","TRN-9090","C302","2","50","","100"
"OL-219","#N/A","P201","3","70","0","210"
"OL-220","TRN-9091","P202","2","65","0","130"
" OL-221 ","TRN-9091","","","58","0",""
" OL-222 ","#N/A"," C301 ","2","55","0.15","93.5"
"OL-223","TRN-9093","","2","55","0","110"
"OL-224","TRN-9093","P202","3","","0","195"
"OL-225","TRN-9093","P202","2","65","0","130"
"OL-226","TRN-9093"," C304 ","2","58","0","116"
"OL-227","#N/A","","2","65","0.1","117"
"","TRN-9094","C301","1","55","0.1","49.5"
"OL-229","TRN-9095","","1","70","","70"
"OL-230","TRN-9095","P103","1","","0","95"
"OL-231","TRN-9095","C301","3","55","0","165"
"OL-232","TRN-9095","P201","1","70","0","70"
"OL-233"," TRN-9096 ","C304","2","58","","104.4"
" OL-234 ","TRN-9096"," P202 ","3","65","0.1","175.5"
"","","P203","3","68","0.1","183.6"
" OL-236 ","TRN-9096","","","65","0.1","175.5"
"#N/A"," TRN-9097 ","P102","1","80","0","80"
"OL-238","","C303","2","60","0","120"
"OL-239","TRN-9098","C304","2","58","0","116"
"OL-240","TRN-9098","C304","2","58","0",""
""," TRN-9098 ","P202","3","","0","195"
"OL-242","TRN-9098","P101","1","85","0",""
"OL-243"," TRN-9099 ","C302","2","50","","100"
"OL-244","TRN-9099","C304","1","58","0","58"
"OL-245"," TRN-9100 ","","2","55","0.05","104.5"
"OL-246","TRN-9100","C304","3","58","0.05","165.3"
"OL-247"," TRN-9100 ","P103","1","95","0.05",""
"OL-248","TRN-9101","P201","3","70","0.1",""
"OL-249","TRN-9101","","1","55","0.1","49.5"
"OL-249","TRN-9101","C301","1","55","0.1","49.5"
" OL-251 "," TRN-9102 ","P101","1","85","0.05",""
"OL-252","TRN-9102","P103","","95","0.05","270.75"
"OL-252","TRN-9102","P103","3","95","0.05","270.75"
"OL-253","TRN-9102","P101","1","85","0.05","80.75"
" OL-255 ","TRN-9103"," P101 ","1","85","0","85"
""," TRN-9104 ","","2","95","0",""
"OL-257"," TRN-9104 ","","1","70","0","70"
"OL-257","TRN-9104","P201","1","70","0","70"
"OL-259","TRN-9105","","1","95","0","95"
"OL-260","TRN-9105","C301","2","55","0","110"
"OL-261","","C301","2","55","0","110"
"OL-262","TRN-9106"," C304 ","2","58","","116"
"OL-263","TRN-9106","P203","","68","0","136"
"OL-264","TRN-9106","P203","2","68","0","136"
"OL-265","TRN-9106","P102","1","80","0","80"
"OL-266","TRN-9107","P101","2","85","0.1","153"
"OL-267","TRN-9107","C303","2","60","0.1","108"
" OL-268 ","TRN-9107","P201","1","70","0.1","63"
"OL-269","TRN-9108","#N/A","1","58","0","58"
"OL-270","TRN-9108","C303","1","60","0",""
"","","C301","2","55","0",""
" OL-272 ","TRN-9109","P102","1","80","0","80"
"OL-273","TRN-9109","P102","3","80","0","240"
" OL-274 ","TRN-9110"," P202 ","2","65","0","130"
"OL-274","TRN-9110","P202","2","65","0","130"
"OL-275","TRN-9110","C301","2","55","0","110"
"OL-276","TRN-9111","P102","2","80","0","160"
"OL-278","TRN-9112"," P101 ","3","85","0.05","242.25"
"OL-279","","C304","3","58","0.05","165.3"
"OL-280","TRN-9112","C302","1","50","0.05","47.5"
"OL-281"," TRN-9113 ","C303","2","60","0","120"
"OL-282","TRN-9113","C302","1","50","0","50"
"OL-283","","","","68","","136"
"OL-284","TRN-9114","P101","3","85","0","255"
"OL-285","TRN-9114","C304","3","","0","174"
"OL-286","TRN-9115","C304","1","58","0.05","55.1"
"OL-287","TRN-9115","P103","3","","0.05","270.75"
" OL-288 ","TRN-9115","P101","1","85","","80.75"
"OL-289"," TRN-9116 ","","2","","0","140"
"OL-290","TRN-9116","P203","1","68","0","68"
"OL-290","TRN-9116","P203","1","68","0","68"
"OL-292","TRN-9117","P101","2","","0.05","161.5"
"","TRN-9117","P203","1","68","","64.6"
"OL-293","TRN-9117","P203","1","68","0.05","64.6"
" OL-295 ","","P202","2","65","0","130"
"OL-296","","P101","1","85","0.05","80.75"
"OL-297","TRN-9120","C302","1","50","0","50"
"OL-298","TRN-9120","P102","3","80","0","240"
" OL-299 "," TRN-9121 ","P103","2","95","0","190"
"OL-299","TRN-9121","P103","2","95","0","190"
"OL-301","TRN-9122","P202","1","65","0","65"
"OL-302","TRN-9122","C304","2","58","0",""
"OL-303"," TRN-9123 ","C303","3","60","0","180"
"OL-304","TRN-9123","","2","95","0","190"
"OL-305","TRN-9124","#N/A","3","50","0","150"
"OL-306"," TRN-9124 ","P201","3","70","0","210"
""," TRN-9125 ","C301","","55","0","110"
"","TRN-9125","P201","3","70","0","210"
"OL-308","TRN-9125","P201","3","70","0","210"
" OL-310 ","","C301","1","","0","55"
"OL-311","","C301","1","55","0","55"
"OL-312"," TRN-9126 ","P102","3","80","0","240"
"OL-313","TRN-9127","P101","2","85","0","170"
"OL-314","TRN-9127","","3","60","0","180"
"OL-315","TRN-9127","#N/A","2","68","0","136"
"OL-315","TRN-9127","P203","2","68","0","136"
"OL-316","TRN-9127","P103","3","95","0","285"
"OL-318"," TRN-9128 "," C304 ","3","58","0.15","147.9"
"OL-319"," TRN-9128 ","C302","1","50","0.15",""
"OL-320"," TRN-9129 ","","2","55","0",""
"OL-321","TRN-9129","C304","2","58","0","116"
"OL-322","TRN-9129","P203","3","68","0","204"
"OL-323","TRN-9129","P203","3","68","",""
"OL-324"," TRN-9130 ","C301","3","55","0.1",""
"OL-325","","C303","","60","0.1","108"
"OL-326","TRN-9131","P101","2","85","0","170"
" OL-327 ","TRN-9132","C302","2","50","0","100"
"OL-328","TRN-9133"," P102 ","2","80","0","160"
"OL-329","TRN-9133","P101","1","85","0","85"
"OL-329","TRN-9133","P101","1","85","0","85"
"OL-331"," TRN-9134 "," P202 ","2","65","0.1","117"
"OL-332","TRN-9134","C302","3","50","0.1","135"
"OL-332","TRN-9134","C302","3","50","0.1","135"
"OL-334","TRN-9135","C303","2","60","0.15","102"
" OL-335 ","","P101","","85","0.15","144.5"
"OL-335","TRN-9135","P101","2","85","0.15","144.5"
" OL-337 ","","C302","1","","0",""
"OL-337","TRN-9137","C302","1","50","0","50"
"OL-339","TRN-9138","P202","","65","0.15","55.25"
"OL-340","TRN-9138","P103","","95","0.15","80.75"
"OL-341"," TRN-9139 ","C303","3","60","0","180"
"OL-341","TRN-9139","C303","3","60","0","180"
"OL-343"," TRN-9140 ","P202","1","65","0","65"
"OL-344","TRN-9140","P101","2","85","0","170"
"","TRN-9140"," P203 ","2","68","0","136"
"OL-346","","C302","2","50","0","100"
"OL-347","TRN-9141","","2","85","0","170"
"OL-348","TRN-9141","C304","3","58","0","174"
"OL-349","TRN-9141"," P203 ","3","68","0","204"
""," TRN-9142 ","P101","3","","0.1","229.5"
"OL-351","TRN-9143","P101","2","85","0","170"
"OL-352","TRN-9144"," P103 ","2","95","0","190"
"OL-353","TRN-9144","P203","2","68","0","136"
"OL-354","TRN-9145","P201","3","70","0","210"
"OL-354","TRN-9145","P201","3","70","0","210"
""," TRN-9145 ","P202","2","65","0","130"
"OL-357"," TRN-9145 ","C304","1","58","0","58"
"OL-358"," TRN-9146 ","C302","1","50","0","50"
"","","C304","3","58","","174"
"OL-360","TRN-9146"," P103 ","1","95","0","95"
"OL-360","TRN-9146","P103","1","95","0","95"
"OL-361","TRN-9146","C302","2","50","0","100"
"OL-363","TRN-9148","P101","2","85","0","170"
"OL-364","TRN-9148","C302","1","50","",""
"OL-365","TRN-9148","","2","50","0",""
" OL-366 ","TRN-9149","P103","2","95","0","190"
"OL-367"," TRN-9149 ","P203","2","68","0","136"
"OL-368","TRN-9150","P102","3","80","","240"
"OL-368","TRN-9150","P102","3","80","0","240"
"OL-370","TRN-9152","C301","2","55","0","110"
"OL-370","TRN-9152","C301","2","55","0","110"
"OL-372","TRN-9152","C302","1","50","0","50"
"OL-373","TRN-9153","P102","2","80","0.05","152"
"OL-374","TRN-9154","","2","80","0","160"
"OL-374","TRN-9154","P102","2","80","0","160"
"OL-375","TRN-9154","P203","2","68","0","136"
"","TRN-9156","","1","","0",""
"","","P103","1","95","0","95"
" OL-379 ","TRN-9156","C303","","60","0","180"
"OL-380","TRN-9156","C304","3","","0","174"
"OL-380","TRN-9156","C304","3","58","0","174"
"","#N/A","","1","70","0","70"
"OL-383","TRN-9157","C303","2","60","0","120"
"OL-384","TRN-9157","P201","3","70","0","210"
"OL-384","TRN-9157","P201","3","70","0","210"
"OL-385","TRN-9158","P203","2","68","0.1","122.4"
" OL-387 ","TRN-9159","P102","","80","0","160"
"OL-387","TRN-9159","P102","2","80","0","160"
"OL-389","TRN-9159"," P101 ","3","85","0","255"
""," TRN-9160 ","P201","2","70","0.15","119"
"OL-391","TRN-9161","P202","1","65","0","65"
"OL-391","TRN-9161","P202","1","65","0","65"
" OL-393 ","TRN-9162","","1","80","0",""
"OL-393","TRN-9162","P102","1","80","0","80"
"OL-395"," TRN-9162 ","P202","2","65","0","130"
"OL-396","TRN-9163","P102","2","80","0","160"
"OL-397","TRN-9163","","1","58","0","58"
"OL-397","TRN-9163","C304","1","58","0","58"
"OL-399","TRN-9163","P101","3","","0","255"
"OL-400","TRN-9164","P201","","70","","140"
" OL-401 "," TRN-9164 ","C304","3","58","0","174"
"OL-402","TRN-9164","P103","2","95","0","190"
"OL-403","TRN-9165","P103","1","","0","95"
"OL-404","TRN-9165","P102","3","80","0","240"
"","TRN-9166","","1","70","0.1","63"
" OL-406 "," TRN-9166 ","P101","1","85","0.1","76.5"
"OL-406","TRN-9166","P101","1","85","0.1","76.5"
"OL-407","TRN-9166","P102","1","80","0.1","72"
"OL-409","TRN-9167","C301","3","55","0",""
"OL-410","TRN-9168","C301","3","55","0",""
"OL-411","TRN-9168","P103","1","95","0",""
" OL-412 ","","P103","3","95","0.05","270.75"
"OL-413","TRN-9169","P202","2","65","","123.5"
"OL-414"," TRN-9169 ","C301","1","","0.05","52.25"
"OL-414","TRN-9169","C301","1","55","0.05","52.25"
"OL-415","TRN-9170","P202","3","65","0","195"
"OL-417","TRN-9171","P201","2","70","0","140"
"OL-418","TRN-9172","P102","","80","0","80"
" OL-419 ","TRN-9172","C302","1","50","0","50"
"OL-420","TRN-9173","P201","1","70","0","70"
"OL-421","TRN-9173","C301","2","","0","110"
"","TRN-9174","C304","1","58","0","58"
"OL-423","#N/A","P102","2","80","","160"
"OL-424","","C304","2","58","0","116"
"OL-425","TRN-9175","P201","3","70","0","210"
"OL-426","TRN-9175","C302","2","50","0","100"
"","TRN-9175","P203","1","68","0","68"
"#N/A","TRN-9176","P101","1","85","0.15","72.25"
"OL-429","TRN-9176","C302","2","","0.15","85"
"OL-429","TRN-9176","C302","2","50","0.15","85"
"OL-431","TRN-9177","P101","3","85","0","255"
"","TRN-9177","P103","1","95","0","95"
"OL-433","TRN-9177","C303","3","60","0","180"
"","#N/A","P203","1","68","0","68"
" OL-435 ","TRN-9178","C301","2","55","0",""
"OL-436","TRN-9178"," P202 ","3","65","0","195"
" OL-437 ","TRN-9178","C303","3","60","0","180"
" OL-438 ","TRN-9179","C301","2","55","0.15",""
"OL-439","TRN-9179"," P103 ","3","95","0.15","242.25"
"OL-439","TRN-9179","P103","3","95","0.15","242.25"
"OL-441","TRN-9179","","3","55","","140.25"
"OL-442","#N/A"," P102 ","1","80","0.05","76"
"OL-443","TRN-9180","","1","50","0.05","47.5"
" OL-444 ","TRN-9180","P102","1","80","0.05","76"
"OL-445","TRN-9180","C301","","55","0.05","52.25"
"OL-446"," TRN-9181 ","P103","","95","0","95"
"OL-447","TRN-9181","P103","3","95","0","285"
"OL-447","TRN-9181","P103","3","95","0","285"
"OL-449","TRN-9182"," P202 ","2","65","0.1","117"
"OL-450","TRN-9182","C302","3","50","0.1","135"
"","TRN-9182","P202","2","","0.1","117"
"OL-452"," TRN-9182 "," C302 ","1","50","0.1","45"
"OL-453","TRN-9183","C304","3","58","0.15",""
"OL-454","TRN-9184","P101","","85","0","255"
"OL-455","TRN-9184","C303","2","60","0","120"
"OL-455","TRN-9184","C303","2","60","0","120"
"OL-457","TRN-9185","P201","1","70","0","70"
"OL-458","TRN-9186","","3","65","0","195"
" OL-459 ","TRN-9187","C303","2","60","","114"
"OL-460","TRN-9187"," C303 ","3","60","","171"
"OL-461"," TRN-9187 ","C301","3","55","0.05","156.75"
"OL-462","TRN-9188","P201","3","70","","178.5"
"OL-463","TRN-9188","","","","0.15","68"
"OL-464","TRN-9189","P101","","","0.15","72.25"
"OL-464","TRN-9189","P101","1","85","0.15","72.25"
"OL-466","TRN-9191","C304","2","58","0","116"
"OL-467","TRN-9191","P103","3","95","0","285"
"OL-468"," TRN-9192 ","C304","","58","0.15","147.9"
"OL-469","TRN-9192","","2","70","0.15","119"
"OL-469","TRN-9192","P201","2","70","0.15","119"
"OL-471"," TRN-9193 ","P102","2","80","0.1","144"
"OL-472","TRN-9193","C303","2","60","0.1","108"
"OL-473","TRN-9193","P103","","95","0.1","256.5"
"OL-474","TRN-9193","C303","1","","0.1","54"
"OL-475","TRN-9194","C304","2","58","0",""
"OL-476"," TRN-9194 ","P202","2","65","0","130"
"OL-477","TRN-9195","C302","3","50","0","150"
"OL-478","TRN-9195","P202","3","","0","195"
"OL-479","TRN-9195","P201","3","70","0",""
"OL-480","TRN-9195","P101","3","85","","255"
"OL-481","","","2","70","0","140"
"","TRN-9196","C301","2","55","0","110"
"OL-483","","P101","2","","0",""
"OL-483","TRN-9196","P101","2","85","0","170"
" OL-485 ","TRN-9197","P203","3","","0","204"
"OL-486","TRN-9197","C302","3","50","","150"
"OL-487","TRN-9197","P103","2","95","0","190"
"OL-488","","C301","2","","0","110"
"OL-489"," TRN-9198 ","P103","2","95","","190"
"OL-490","","C301","1","55","0","55"
"#N/A","TRN-9198","C301","3","55","0","165"
"OL-492"," TRN-9199 ","P201","2","","0",""
"OL-493","TRN-9199"," C303 ","2","60","0","120"
"OL-493","TRN-9199","C303","2","60","0","120"
"OL-494","TRN-9199","C302","3","50","0","150"
"OL-496","TRN-9200","C303","3","60","0.05","171"
"OL-497","TRN-9200","C302","3","50","0.05","142.5"
"OL-498","TRN-9201","P203","2","68","0.1","122.4"
"OL-499","TRN-9202","C304","3","58","0","174"
"OL-500","TRN-9202","P201","","70","0","140"
"OL-501","TRN-9202","P203","1","68","0","68"
"OL-502","TRN-9202","","1","65","0","65"
"OL-503","TRN-9203"," P201 ","3","70","0","210"
"","TRN-9204"," C303 ","","60","0.05","114"
"OL-505"," TRN-9204 ","P102","1","80","0.05","76"
"OL-506","TRN-9204","C304","3","58","0.05","165.3"
"OL-506","TRN-9204","C304","3","58","0.05","165.3"
"OL-508","TRN-9206","C302","1","50","0","50"
"OL-509","TRN-9206","C301","","55","0","55"
"OL-510","TRN-9206","P102","2","80","0","160"
"OL-511","TRN-9207","P201","2","70","0","140"
"OL-512"," TRN-9207 ","C303","3","60","0","180"
"OL-513","TRN-9207","#N/A","3","85","0","255"
" OL-514 "," TRN-9208 ","P102","1","80","0.1",""
"OL-515","TRN-9208","C302","","50","0.1","45"
"OL-516","TRN-9208","C303","1","60","0.1","54"
"","TRN-9208","P202","3","","0.1",""
"","TRN-9209","P203","2","68","0","136"
"OL-519","TRN-9209","C302","","50","0",""
"OL-520","","P201","2","70","0","140"
" OL-521 ","TRN-9209"," P102 ","1","80","0","80"
"OL-522","TRN-9210","C304","1","58","0.1","52.2"
"OL-523","TRN-9210","P102","1","80","0.1","72"
"OL-523","TRN-9210","P102","1","80","0.1","72"
"","TRN-9211","P103","1","95","0",""
"OL-526","TRN-9211","C303","1","60","","60"
"OL-526","TRN-9211","C303","1","60","0","60"
"OL-528","TRN-9211"," C303 ","3","60","0","180"
"OL-529","TRN-9212","C303","2","60","0",""
" OL-530 ","TRN-9212","","2","","0","190"
"OL-531","TRN-9213","P201","3","70","0.1","189"
" OL-532 ","TRN-9213","","","70","0.1","126"
"OL-533",""," P202 ","","65","0.1",""
"OL-534","TRN-9214"," P202 ","2","65","0.15","110.5"
"OL-535","TRN-9214"," P203 ","2","68","0.15","115.6"
"","TRN-9214","","2","85","0.15","144.5"
"OL-537","","C304","3","","0.15",""
"OL-538","TRN-9215","P201","1","70","0.05","66.5"
" OL-539 "," TRN-9215 ","P201","3","70","","199.5"
"","TRN-9215","P201","","70","0.05","133"
" OL-541 ","TRN-9216","P103","2","95","0","190"
"OL-542","TRN-9217","C304","2","58","0","116"
"OL-543","TRN-9217","P203","2","68","0","136"
"OL-544","TRN-9218","C304","1","58","0","58"
" OL-545 ","TRN-9218","P102","3","80","0","240"
"OL-546","TRN-9219","P202","1","65","0","65"
"OL-547","TRN-9219"," P101 ","1","85","0","85"
"OL-548","TRN-9219","C303","3","60","","180"
"OL-549","TRN-9219"," C302 ","2","50","0","100"
"OL-550","TRN-9220","P202","1","65","","55.25"
"","#N/A","P102","1","80","0.15","68"
"OL-552","TRN-9221","P102","1","80","0.1","72"
"OL-553"," TRN-9221 ","P103","3","95","","256.5"
"OL-554","TRN-9221","C303","1","60","0.1","54"
"OL-554","TRN-9221","C303","1","60","0.1","54"
"OL-556","","C303","1","60","","54"
"OL-556","TRN-9223","C303","1","60","0.1","54"
"OL-558"," TRN-9224 ","C301","3","55","0.15","140.25"
"OL-559","TRN-9224"," C304 ","3","","0.15","147.9"
"","TRN-9224","C304","3","","0.15","147.9"
"OL-561","TRN-9225","P202","2","","0","130"
" OL-562 ","TRN-9225","C304","","","0","174"
"OL-563","TRN-9225","P202","1","65","0","65"
"OL-564","TRN-9226","P201","3","70","0","210"
"OL-565","TRN-9226"," P203 ","2","68","0","136"
"","TRN-9226","P103","3","95","0","285"
"OL-566","TRN-9226","P103","3","95","0","285"
"OL-568","TRN-9227","P202","1","65","0.05","61.75"
"OL-568","TRN-9227","P202","1","65","0.05","61.75"
"OL-570"," TRN-9227 ","P201","1","","0.05","66.5"
"OL-570","TRN-9227","P201","1","70","0.05","66.5"
"OL-571","TRN-9227","P201","2","70","0.05","133"
"OL-573","TRN-9228","C302","","","","100"
"#N/A","TRN-9228","P103","1","95","0","95"
"OL-575"," TRN-9228 ","P103","2","95","0","190"
"OL-576","TRN-9229","C303","","60","","171"
"OL-577","TRN-9230","","","50","0.1","135"
"OL-578","","C301","2","","0.1","99"
"OL-579"," TRN-9230 ","P103","3","","0.1","256.5"
" OL-580 ","TRN-9230","P202","2","65","0.1","117"
"OL-581","TRN-9231","P202","2","65","0",""
"OL-581","TRN-9231","P202","2","65","0","130"
"OL-582","TRN-9231","P103","2","95","0","190"
" OL-584 ","","C303","","60","0.1",""
"OL-585","","","2","68","",""
"OL-585","TRN-9233","P203","2","68","0.15","115.6"
"OL-587","","C304","3","58","0.15","147.9"
"OL-588","TRN-9235"," P203 ","2","68","0.05",""
"","TRN-9235","P202","3","65","0.05",""
"","TRN-9235","C302","3","","0.05","142.5"
"OL-591","TRN-9236","","2","","0","116"
" OL-592 ","","","","68","0","68"
"","TRN-9237"," C302 ","2","50","0","100"
"OL-594","TRN-9237","P203","","68","0","204"
"#N/A","TRN-9238","","2","80","0","160"
"OL-596","TRN-9238","C303","1","60","0","60"
""," TRN-9239 ","","1","65","0.1","58.5"
" OL-598 ","TRN-9240"," C304 ","3","58","0","174"
"OL-599","TRN-9240","C302","3","50","0",""
"OL-600","TRN-9240","P201","1","70","0","70"
" OL-601 ","TRN-9240"," C302 ","1","50","0","50"
"#N/A"," TRN-9241 ","P103","1","95","0","95"
"OL-603","TRN-9242","P101","3","","0","255"
"OL-604","TRN-9242","#N/A","1","70","0","70"
" OL-605 ","TRN-9243","C304","2","58","","98.6"
"OL-605","TRN-9243","C304","2","58","0.15","98.6"
"OL-607","TRN-9244","P202","3","65","0","195"
"OL-608","TRN-9244","P102","2","80","0","160"
" OL-609 ","","P201","2","70","0","140"
" OL-610 ","TRN-9245","P202","2","65","0","130"
"OL-610","TRN-9245","P202","2","65","0","130"
"OL-611","TRN-9245","P101","2","85","0","170"
"OL-613","TRN-9246","P201","2","70","0.15",""
"OL-613","TRN-9246","P201","2","70","0.15","119"
" OL-615 ","TRN-9246","P201","1","70","0.15","59.5"
" OL-616 ","TRN-9247"," C301 ","2","55","0.05","104.5"
"OL-617","","P201","2","70","0.05","133"
" OL-618 ","TRN-9248","P203","","68","0","204"
"OL-619","TRN-9248","","","95","0","190"
"OL-620","#N/A","P102","1","","0",""
"OL-620","TRN-9248","P102","1","80","0","80"
"OL-622","","C301","3","55","0","165"
"OL-623","TRN-9250","P202","2","65","0","130"
" OL-624 ","TRN-9250","C303","","60","0","60"
"OL-625","","","2","55","0",""
"OL-626","TRN-9251","C301","3","55","0","165"
"OL-627"," TRN-9251 ","#N/A","1","68","0","68"
"OL-628","TRN-9251","C304","2","58","0","116"
""," TRN-9252 "," C303 ","3","60","0.05","171"
"OL-630","TRN-9252","P102","3","80","","228"
"OL-630","TRN-9252","P102","3","80","0.05","228"
"OL-632","TRN-9253","C303","3","","0","180"
"OL-633","","C302","1","50","0","50"
" OL-634 ","TRN-9253","P102","2","80","0","160"
"OL-635","TRN-9254","C301","2","","0","110"
"","TRN-9254","P203","1","68","0","68"
"OL-637","TRN-9255","C304","","58","0.1","104.4"
"OL-638","TRN-9255","P202","2","65","0.1","117"
"OL-639","TRN-9255","P103","3","95","0.1","256.5"
"OL-640","TRN-9256","P201","1","","0.15","59.5"
"","TRN-9257","P201","3","70","0","210"
"OL-642","TRN-9257","","1","85","0","85"
"OL-643","TRN-9257","P203","1","68","0","68"
"OL-643","TRN-9257","P203","1","68","0","68"
"OL-645","TRN-9258"," P102 ","3","80","0","240"
"OL-646","#N/A","P102","2","80","0","160"
" OL-647 "," TRN-9258 ","C302","1","50","","50"
"OL-648"," TRN-9259 ","P103","3","95","0.1","256.5"
"OL-648","TRN-9259","P103","3","95","0.1","256.5"
"OL-650","#N/A","","2","55","0","110"
"OL-650","TRN-9260","C301","2","55","0","110"
"OL-652","TRN-9261","C304","3","58","0","174"
"OL-653","TRN-9261","P103","1","95","0","95"
" OL-654 ","TRN-9261","P203","1","68","0","68"
"OL-655","TRN-9261","P101","1","85","0","85"
"OL-656","TRN-9262"," P103 ","2","95","0","190"
"OL-657","TRN-9262","C304","1","58","0","58"
"OL-658","TRN-9263","P203","1","68","0",""
"OL-659","TRN-9264","","3","55","","140.25"
"OL-660","TRN-9264","P102","2","80","0.15","136"
" OL-661 ","TRN-9264"," P103 ","3","95","0.15",""
"OL-662","","P201","1","70","0","70"
"OL-663","TRN-9265","","2","60","","120"
"OL-664","TRN-9265","C304","3","58","0","174"
"OL-665","","C301","1","55","0.1","49.5"
"OL-665","TRN-9266","C301","1","55","0.1","49.5"
"#N/A","","C301","3","55","0",""
"OL-667","TRN-9267","C301","3","55","0","165"
"OL-669","TRN-9267","P101","2","85","0","170"
" OL-670 ","TRN-9268","C301","1","","0","55"
"OL-671","","C302","1","50","0","50"
"OL-672"," TRN-9268 ","P103","1","95","0","95"
"OL-673","TRN-9269","C302","1","50","0","50"
"OL-674","TRN-9269","C301","1","55","0","55"
"OL-675","TRN-9269","P103","1","95","0",""
"OL-676","TRN-9269","P203","1","68","0","68"
"OL-677","","P201","3","70","0","210"
"OL-678","TRN-9270","C302","","50","0","50"
"OL-679","TRN-9270","P103","2","95","0","190"
"OL-680","TRN-9271","P101","","85","0","170"
"OL-681","TRN-9271","C301","3","55","0","165"
"OL-682","TRN-9271","","1","95","0","95"
"OL-682","TRN-9271","P103","1","95","0","95"
"OL-684","TRN-9272","P103","3","95","0","285"
"OL-685","TRN-9273","#N/A","1","95","0","95"
"OL-686","TRN-9274","C301","1","55","0","55"
"OL-687","TRN-9274","P103","3","95","0","285"
"OL-688","TRN-9274","#N/A","3","65","0","195"
"OL-689","TRN-9274","P102","","80","0","80"
"OL-690","TRN-9275","P102","1","80","0","80"
"OL-691"," TRN-9275 ","C304","1","","0","58"
"OL-692","TRN-9276","P103","3","95","0","285"
"OL-693","TRN-9276"," P102 ","1","","0","80"
""," TRN-9276 ","P201","1","70","0",""
" OL-695 ","TRN-9276","P201","1","70","0","70"
"OL-695","TRN-9276","P201","1","70","0","70"
"OL-696","TRN-9277","C304","3","58","0.15","147.9"
"OL-698","TRN-9278","P103","2","95","0","190"
"OL-699","TRN-9279","P203","1","68","0","68"
" OL-700 ","TRN-9279","P201","3","70","0","210"
"OL-701","TRN-9279","","2","","0","110"
"OL-701","TRN-9279","C301","2","55","0","110"
"OL-703","TRN-9281","","2","58","","116"
"OL-704","TRN-9282","P202","3","65","0","195"
"OL-705","TRN-9282"," P102 ","2","80","0","160"
"OL-706","TRN-9282","P201","2","70","0","140"
"OL-707","","","1","70","0","70"
"OL-708","TRN-9283","C301","3","","0","165"
"OL-709",""," P103 ","1","95","","95"
"#N/A","TRN-9284","","3","65","0","195"
"OL-711","TRN-9285","P101","","85","0","170"
"OL-712"," TRN-9286 ","","","85","","80.75"
"OL-713","TRN-9286","C304","2","58","0.05","110.2"
"OL-713","TRN-9286","C304","2","58","0.05","110.2"
"OL-714","TRN-9286","C301","1","55","0.05","52.25"
"OL-716","TRN-9287","P201","1","70","0","70"
"","TRN-9287","P102","3","80","0","240"
"OL-718","TRN-9287","C304","1","58","0","58"
"OL-719"," TRN-9288 ","C303","1","60","0",""
"OL-720","TRN-9288","C303","2","60","","120"
"#N/A","#N/A","C303","2","60","0.05","114"
" OL-722 ","TRN-9289","P102","2","80","","152"
"OL-722","TRN-9289","P102","2","80","0.05","152"
" OL-724 "," TRN-9290 ","C303","3","60","0","180"
"OL-725"," TRN-9290 "," P103 ","3","","",""
"OL-726","TRN-9290","P103","2","95","0","190"
"OL-727","TRN-9290","P203","3","68","0",""
"OL-728","TRN-9291","#N/A","2","70","0","140"
"OL-729","TRN-9291","#N/A","3","95","0","285"
"OL-730"," TRN-9291 ","P203","2","68","0",""
"OL-730","TRN-9291","P203","2","68","0","136"
"#N/A","TRN-9292"," P202 ","1","65","0.05","61.75"
"OL-733","","C304","3","58","0.05","165.3"
" OL-734 ","TRN-9292","P201","3","70","0.05","199.5"
"OL-735","TRN-9293","P202","1","65","0.05","61.75"
"#N/A","TRN-9293","","1","68","0.05",""
"OL-737","TRN-9293","C301","1","55","0.05","52.25"
"OL-738"," TRN-9294 ","P201","2","70","0","140"
"OL-739"," TRN-9294 "," C304 ","3","58","0","174"
" OL-740 ","TRN-9294","P202","","65","0",""
"OL-741","","P201","3","70","0","210"
"OL-742","TRN-9295","P201","3","70","","199.5"
"OL-743","TRN-9295","C304","2","","0.05","110.2"
"OL-744","TRN-9296","C302","2","50","0","100"
"OL-745","","P101","2","85","","170"
"OL-746","TRN-9296","","3","58","0","174"
" OL-747 ","TRN-9296","C302","2","50","0","100"
"","#N/A","P203","1","68","0","68"
"OL-749","TRN-9297","","2","65","0","130"
"OL-750","TRN-9298"," C303 ","","60","0","60"
"OL-750","TRN-9298","C303","1","60","0","60"
"OL-751","TRN-9298","C302","2","50","0","100"
"OL-753","TRN-9298","C303","1","60","0",""
"OL-754","TRN-9299","P203","1","68","0.1","61.2"
"OL-755","TRN-9300","P101","1","85","0.15","72.25"
"OL-756","TRN-9300","P202","3","65","0.15","165.75"
"OL-757","TRN-9300","C301","1","55","","46.75"
"OL-758","TRN-9301","P202","1","65","0","65"
"OL-758","TRN-9301","P202","1","65","0","65"
"OL-760","TRN-9302","C302","1","50","0","50"
"OL-761","TRN-9302","P202","1","65","0","65"
"OL-761","TRN-9302","P202","1","65","0","65"
" OL-763 ","TRN-9303"," P102 ","2","","0","160"
"OL-764","#N/A","P202","1","65","0.1","58.5"
"OL-765"," TRN-9304 ","C302","2","","0.1","90"
" OL-766 ","TRN-9305","P101","1","85","0.1",""
"OL-767","TRN-9305","P103","3","95","0.1","256.5"
"OL-768","TRN-9305","C304","3","58","0.1","156.6"
"OL-768","TRN-9305","C304","3","58","0.1","156.6"
"OL-769","TRN-9306","C304","2","58","0","116"
"OL-770","TRN-9307","C303","2","60","0","120"
"OL-771","TRN-9308","C301","3","55","0","165"
"OL-772","TRN-9308","P101","1","85","0","85"
"OL-774","TRN-9309","C303","1","60","0.05","57"
"OL-775"," TRN-9309 ","C304","","58","0.05","55.1"
" OL-776 ","TRN-9309","P203","2","68","0.05","129.2"
"OL-777","TRN-9310","P203","2","68","0","136"
"OL-777","TRN-9310","P203","2","68","0","136"
"OL-778","TRN-9310","C301","2","55","0","110"
"OL-779","TRN-9310","C304","1","58","0","58"
"OL-781","TRN-9311","#N/A","3","","0.05","199.5"
" OL-782 ","TRN-9311","C303","1","60","0.05","57"
"OL-783","TRN-9311","#N/A","3","60","0.05","171"
"OL-784","TRN-9312","C304","2","58","0","116"
"OL-785","TRN-9312","C302","","50","","50"
"OL-786","#N/A","P103","1","","0","95"
"OL-787","TRN-9313","C302","2","50","0",""
"#N/A","TRN-9314","P102","2","80","0.15","136"
"OL-789"," TRN-9315 "," P103 ","3","95","0","285"
"","TRN-9315","P203","3","68","0","204"
"OL-790","TRN-9315","P203","3","68","0","204"
"OL-792","TRN-9315","P102","2","80","0","160"
"OL-792","TRN-9315","P102","2","80","0","160"
""," TRN-9316 ","P203","3","68","0","204"
"OL-795","TRN-9316","P203","","68","0","204"
"OL-796"," TRN-9317 ","P203","2","68","0","136"
"OL-797"," TRN-9318 ","C302","3","50","0.1","135"
"#N/A"," TRN-9319 ","P102","3","80","","228"
"OL-798","TRN-9319","P102","3","80","0.05","228"
"OL-800","TRN-9320","P102","3","","0","240"
"OL-801","TRN-9320","","1","58","0",""
" OL-802 ","TRN-9320","C304","3","58","0","174"
"#N/A","TRN-9321","#N/A","1","50","0","50"
"OL-804","TRN-9321","P203","2","68","0","136"
"OL-804","TRN-9321","P203","2","68","0","136"
"OL-806","TRN-9321"," C303 ","2","60","0",""
"","TRN-9322","P203","1","68","0.15","57.8"
"OL-807","TRN-9322","P203","1","68","0.15","57.8"
"OL-809"," TRN-9322 ","C303","1","60","0.15","51"
"OL-810","TRN-9323","P103","3","95","0","285"
"OL-811","TRN-9323","C302","1","50","0","50"
"OL-812","TRN-9323","P102","2","80","0","160"
"OL-813","TRN-9323","P201","1","70","0","70"
"OL-814"," TRN-9324 ","P202","2","65","0.15","110.5"
"OL-815","TRN-9324","P101","3","85","0.15","216.75"
" OL-816 ","TRN-9324","","1","60","0.15","51"
"OL-817","TRN-9325"," C301 ","3","55","0","165"
"","TRN-9325","C302","","","0","150"
"","TRN-9326","P103","3","95","0","285"
" OL-820 ","TRN-9326","","3","58","0","174"
"OL-821","TRN-9326","C301","3","55","0","165"
"OL-822","TRN-9327","#N/A","3","65","0.15","165.75"
"OL-823","TRN-9327","","2","80","0.15","136"
"OL-824","TRN-9327","C304","1","58","0.15","49.3"
"OL-824","TRN-9327","C304","1","58","0.15","49.3"
"OL-826","TRN-9328","P102","2","80","0.15","136"
"","TRN-9329","C301","3","55","0","165"
" OL-828 "," TRN-9330 ","C301","1","55","0.15",""
"OL-828","TRN-9330","C301","1","55","0.15","46.75"
"OL-830","TRN-9331","C303","3","60","0.1","162"
"OL-831","TRN-9331","C304","1","58","0.1","52.2"
"OL-831","TRN-9331","C304","1","58","0.1","52.2"
"OL-833","TRN-9331","C301","1","","0.1","49.5"
"OL-834","TRN-9332","P202","3","65","0.15","165.75"
"OL-835","TRN-9332","P101","1","85","0.15","72.25"
"OL-836","TRN-9332","P103","","95","0.15","161.5"
"OL-837","TRN-9333","P201","1","70","0","70"
"OL-838","TRN-9333","C301","1","55","0","55"
" OL-839 ",""," P203 ","3","68","0","204"
"OL-840","TRN-9333","C304","","","","174"
"OL-841","TRN-9334","","2","","0","110"
"OL-842","TRN-9334","","3","","0","150"
"OL-843","TRN-9335","C302","3","50","0","150"
"OL-844","TRN-9336","C304","1","58","0.1","52.2"
"OL-845","","P102","3","80","0.1","216"
" OL-846 ","TRN-9336","P203","1","68","","61.2"
"OL-847","","P202","2","65","0",""
"OL-847","TRN-9337","P202","2","65","0","130"
"OL-849","TRN-9338","P201","3","70","0","210"
" OL-850 ","TRN-9339","P203","1","68","0","68"
"OL-851","TRN-9340","C303","1","60","0","60"
"OL-852","TRN-9340","C303","3","60","0","180"
"OL-853","TRN-9340","C303","3","60","0","180"
"OL-854","TRN-9340","P203","1","68","0","68"
" OL-855 ","TRN-9341","C304","2","58","0","116"
"OL-856","TRN-9341","C302","1","50","0","50"
"OL-856","TRN-9341","C302","1","50","0","50"
"OL-857","TRN-9341","C303","3","60","0","180"
"OL-859","TRN-9343","","2","85","0","170"
"OL-859","TRN-9343","P101","2","85","0","170"
"OL-860","TRN-9343","P202","2","65","0","130"
"OL-862","TRN-9343"," P102 ","2","80","0","160"
" OL-863 ","TRN-9344","P101","2","85","0","170"
"","TRN-9344","","2","55","","110"
"OL-864","TRN-9344","C301","2","55","0","110"
" OL-866 ","","P203","2","68","0.1","122.4"
" OL-867 ","TRN-9346","P201","1","","0.1","63"
"OL-868"," TRN-9346 ","P203","2","68","0.1","122.4"
"OL-869","TRN-9347","#N/A","2","60","0","120"
"OL-870"," TRN-9347 ","P201","1","70","0","70"
"OL-871","#N/A","P102","2","80","0","160"
" OL-872 ","","C304","1","58","0","58"
"OL-873","TRN-9349","C303","3","60","","180"
"OL-873","TRN-9349","C303","3","60","0","180"
"","TRN-9350","P203","1","68","0.05","64.6"
" OL-876 ","TRN-9350","#N/A","","68","0.05","129.2"
"OL-877","TRN-9350","P101","","85","0.05","161.5"
" OL-878 ","TRN-9351","P201","","","0","140"
"OL-879","TRN-9351","P203","1","68","0","68"
"OL-880","TRN-9351"," P203 ","1","68","","68"
" OL-881 ","TRN-9351","P202","","65","0","195"
"OL-881","TRN-9351","P202","3","65","0","195"
"OL-883","TRN-9352","P103","1","95","0.05","90.25"
"","TRN-9353","C302","3","","",""
"OL-885","TRN-9353"," P102 ","1","80","0.05","76"
"OL-885","TRN-9353","P102","1","80","0.05","76"
"OL-886","TRN-9354","P103","3","95","0","285"
"OL-887","TRN-9355","P202","3","65","0.05","185.25"
"","TRN-9355","P101","3","85","0.05",""
"","TRN-9356","P101","2","85","0","170"
"OL-891","TRN-9356","P201","3","70","0","210"
"OL-892","TRN-9356","P101","1","85","0",""
"OL-893","TRN-9357","C304","1","58","","58"
"","TRN-9357","P101","1","85","0","85"
"OL-895","TRN-9357","C301","3","55","0",""
"OL-896","","P103","1","95","0","95"
"OL-896","TRN-9357","P103","1","95","0","95"
"OL-898","TRN-9358","P102","3","80","0.15","204"
"OL-898","TRN-9358","P102","3","80","0.15","204"
"OL-900"," TRN-9359 ","C304","3","58","0","174"
"OL-901","#N/A","#N/A","3","68","0","204"
"OL-902"," TRN-9359 ","P101","3","85","0","255"
"OL-903","TRN-9360","C304","2","58","0","116"
"OL-903","TRN-9360","C304","2","58","0","116"
"OL-905"," TRN-9360 ","C302","1","50","0","50"
"OL-906","TRN-9361","C301","3","55","0","165"
"OL-907","TRN-9361","C303","1","60","","60"
" OL-908 ","","","","50","0","50"
"OL-908","TRN-9361","C302","1","50","0","50"
"OL-910","TRN-9362","P203","2","","0","136"
"OL-911","TRN-9362","C302","2","","","100"
"OL-912","TRN-9363","","3","68","","204"
" OL-913 "," TRN-9363 ","C304","3","58","0","174"
"OL-914"," TRN-9364 ","C301","3","55","0","165"
"OL-915","TRN-9364","P102","1","80","0","80"
"OL-915","TRN-9364","P102","1","80","0","80"
" OL-917 ","TRN-9366","P103","3","","0","285"
"OL-917","TRN-9366","P103","3","95","0","285"
"OL-919","TRN-9366","C302","1","50","0","50"
"OL-919","TRN-9366","C302","1","50","0","50"
"OL-920","TRN-9366","P103","1","95","0","95"
" OL-922 ","TRN-9367"," C301 ","1","55","0","55"
"OL-923"," TRN-9368 "," P101 ","1","85","0","85"
"OL-924","TRN-9368","P203","1","68","0",""
"OL-925","TRN-9368","P201","3","70","0","210"
"OL-926","#N/A","P202","3","65","0","195"
"OL-927","TRN-9370","P102","3","","0",""
"OL-928","TRN-9370"," P202 ","2","65","0","130"
"OL-929","TRN-9370","P202","2","65","0","130"
"OL-930","TRN-9370"," P102 ","2","80","0","160"
"#N/A","TRN-9371","P201","1","70","0.1",""
"OL-932","TRN-9372","","2","60","0","120"
"OL-933","TRN-9372","P203","2","68","0","136"
"OL-934","TRN-9373","P101","2","85","0",""
"OL-935","TRN-9373","P101","2","85","0",""
"OL-936","TRN-9373","P202","3","65","0","195"
"OL-937","TRN-9373","P202","","65","0","130"
" OL-938 ","TRN-9374","C304","1","58","0","58"
"OL-938","TRN-9374","C304","1","58","0","58"
"OL-939","TRN-9374","P202","3","65","0","195"
" OL-941 ","TRN-9375","C301","2","","0","110"
"OL-942","TRN-9376","C303","1","60","0","60"
"OL-943"," TRN-9377 ","P102","2","","0","160"
"","TRN-9378","P203","","68","","68"
"OL-945","TRN-9378","P102","","","0","160"
"OL-946","TRN-9378","P203","1","68","0","68"
"OL-946","TRN-9378","P203","1","68","0","68"
"OL-948","TRN-9379","P202","2","","0","130"
"OL-949","TRN-9380","P201","3","70","0","210"
"OL-950","TRN-9381","P101","","85","0.15","144.5"
"OL-951","TRN-9382","P103","3","95","0.05","270.75"
"OL-952","TRN-9383","","3","","0","195"
"OL-953","TRN-9383"," C303 ","2","60","0","120"
"OL-953","TRN-9383","C303","2","60","0","120"
"OL-955","TRN-9384","P102","1","","0","80"
" OL-956 "," TRN-9385 ","P102","1","","0.1","72"
"OL-957","TRN-9386","P203","2","","0","136"
"OL-958","TRN-9386","P203","1","68","",""
"OL-958","TRN-9386","P203","1","68","0","68"
"OL-960","TRN-9386","C301","3","","0","165"
"OL-961","TRN-9387","C301","3","55","0.05","156.75"
"OL-962","TRN-9388","P203","2","68","0","136"
"OL-963","TRN-9388","P202","2","65","0","130"
"OL-964","TRN-9388"," P202 ","3","65","0",""
"OL-965","TRN-9388","#N/A","","58","0","174"
" OL-966 "," TRN-9389 ","P103","1","95","0","95"
" OL-967 ","TRN-9389","C302","1","50","0","50"
"","TRN-9390","P101","2","85","0","170"
"","TRN-9390","C303","2","60","0","120"
" OL-970 ","TRN-9390","C301","2","55","","110"
"OL-971","TRN-9390","P101","2","85","0","170"
"OL-972","TRN-9391","C304","1","","0.15",""
"OL-972","TRN-9391","C304","1","58","0.15","49.3"
"OL-974","TRN-9391","C303","2","60","0.15","102"
"OL-975","TRN-9391","C302","1","50","0.15","42.5"
"OL-976","TRN-9392","C304","3","58","0.05","165.3"
"","#N/A","C303","3","60","0.05","171"
"OL-978","TRN-9392","P203","1","68","0.05","64.6"
"OL-978","TRN-9392","P203","1","68","0.05","64.6"
"OL-980","","","1","95","0","95"
"OL-981","TRN-9393","P203","3","68","0","204"
"OL-982","TRN-9393","P103","3","","","285"
" OL-983 ","TRN-9394","","3","50","","127.5"
"OL-984"," TRN-9394 ","#N/A","1","95","0.15","80.75"
"","TRN-9394"," C301 ","2","55","","93.5"
" OL-986 ","TRN-9394","P102","1","80","0.15","68"
"OL-987"," TRN-9395 "," P201 ","1","70","0.15","59.5"
"#N/A"," TRN-9395 ","P203","3","68","","173.4"
"OL-988","TRN-9395","P203","3","68","0.15","173.4"
"OL-990","TRN-9395"," P203 ","2","","0.15","115.6"
"OL-991","","","3","95","0.1",""
"OL-992","TRN-9397"," C303 ","2","60","0","120"
" OL-993 ","TRN-9397","C303","2","60","0","120"
"OL-994","TRN-9397","P202","2","65","0","130"
"OL-995","TRN-9398"," P103 ","3","","","242.25"
"OL-996"," TRN-9398 ","P203","1","68","0.15","57.8"
"","TRN-9398","P101","2","85","0.15","144.5"
"OL-997","TRN-9398","P101","2","85","0.15","144.5"
"","TRN-9399","P103","1","95","0.1","85.5"
"OL-1000","","P203","1","","0.1","61.2"
"","TRN-9399","P102","3","80","0.1","216"
"#N/A","TRN-9400","","3","55","0","165"
"OL-1003"," TRN-9400 "," C301 ","3","55","0","165"
" OL-1004 ","TRN-9400"," C303 ","2","60","0","120"
"OL-1005","","C303","1","60","0","60"
"","TRN-9401","P102","1","80","0.1","72"
"OL-1007","TRN-9402","P102","3","80","0","240"
"OL-1008"," TRN-9402 ","C303","1","60","0","60"
"OL-1009","TRN-9403","P101","3","85","0","255"
"OL-1010","#N/A","C302","2","50","0","100"
"OL-1011"," TRN-9404 ","P102","3","80","0.1",""
"OL-1011","TRN-9404","P102","3","80","0.1","216"
"OL-1013","TRN-9404","C303","1","60","0.1","54"
"OL-1014","TRN-9405","P101","3","85","0","255"
"OL-1015","TRN-9405","C303","2","60","0","120"
"OL-1016","TRN-9405","C301","1","55","0","55"
"OL-1017","TRN-9405","P201","","70","0","140"
"OL-1018","TRN-9406","C304","3","58","0","174"
"OL-1019","","C302","3","","0","150"
"OL-1020","TRN-9407","P103","3","95","0","285"
"OL-1021","TRN-9407","P201","3","70","0",""
"OL-1022","TRN-9407","#N/A","2","60","0","120"
"OL-1022","TRN-9407","C303","2","60","0","120"
"OL-1023","TRN-9407","P102","3","80","0","240"
"OL-1024","TRN-9408","P202","2","65","0","130"
"OL-1026","TRN-9410","C303","2","60","0","120"
"OL-1027","","C301","2","55","0.05",""
" OL-1028 ","TRN-9412","P101","2","","0","170"
"OL-1029","TRN-9412","P102","3","80","0","240"
"OL-1030"," TRN-9412 ","#N/A","2","","0","130"
"OL-1031","TRN-9413","P203","3","68","0.05","193.8"
"OL-1032"," TRN-9414 ","P202","1","65","0","65"
" OL-1033 ","TRN-9415","#N/A","2","","0","120"
"OL-1034",""," C302 ","3","","0","150"
"OL-1034","TRN-9415","C302","3","50","0","150"
"OL-1036","TRN-9415","P201","","70","0","140"
""," TRN-9416 ","C304","3","58","0","174"
"OL-1038","TRN-9416","P102","2","80","0","160"
"OL-1038","TRN-9416","P102","2","80","0","160"
"OL-1039","TRN-9416","P201","1","70","0","70"
"OL-1041","TRN-9417","C302","3","50","0.1","135"
"OL-1042"," TRN-9417 ","C301","2","55","0.1","99"
"OL-1043","TRN-9417","P203","2","68","0.1","122.4"
"OL-1044","TRN-9418","C302","3","","","150"
" OL-1045 ","TRN-9418","","","50","0","100"
"","TRN-9418"," C302 ","","50","0","100"
"OL-1047","","P201","2","70","0","140"
"","TRN-9419","P203","1","68","0","68"
"OL-1049","TRN-9420","C302","1","50","0","50"
"","","P102","2","80","0","160"
"OL-1050","TRN-9420","P102","2","80","0","160"
"",""," C301 ","2","55","0.15","93.5"
"OL-1053","TRN-9421","C302","","50","0.15","85"
"OL-1053","TRN-9421","C302","2","50","0.15","85"
"OL-1055","TRN-9422","P102","2","80","0.1","144"
"OL-1056","TRN-9423"," C302 ","3","50","0","150"
"OL-1057","TRN-9423","C303","2","60","0","120"
"OL-1058","","P201","1","70","0","70"
"OL-1059"," TRN-9423 ","P103","2","95","0","190"
"OL-1060","TRN-9424","C302","2","50","0","100"
"OL-1061","TRN-9425","C304","1","58","0","58"
"OL-1062","TRN-9426","P103","2","95","0","190"
"OL-1063","","#N/A","3","65","0","195"
"","TRN-9427","C304","3","58","0","174"
"","TRN-9427","P101","3","85","0","255"
"OL-1065","TRN-9427","P101","3","85","0","255"
"","TRN-9428","C303","3","60","","180"
"OL-1068"," TRN-9428 ","C301","1","55","","55"
"OL-1069","TRN-9428"," P102 ","2","80","0","160"
"OL-1070"," TRN-9429 "," C303 ","1","60","0.1","54"
" OL-1071 ","","P103","","95","0","190"
"OL-1072","TRN-9430","C301","1","55","0","55"
"OL-1073","TRN-9430","C301","2","55","0","110"
"OL-1073","TRN-9430","C301","2","55","0","110"
"OL-1074","TRN-9431","P202","3","65","0","195"
"OL-1076","TRN-9432","","2","95","0.05","180.5"
"",""," P202 ","1","65","0.05","61.75"
" OL-1078 ","TRN-9433","P203","1","68","0","68"
"OL-1079"," TRN-9433 ","P101","2","85","0",""
"OL-1079","TRN-9433","P101","2","85","0","170"
"OL-1081","TRN-9434","C303","1","60","0","60"
"OL-1082","","P102","3","80","0","240"
" OL-1083 ","#N/A"," P202 ","","65","0","65"
"OL-1083","TRN-9434","P202","1","65","0","65"
"OL-1085","TRN-9435"," C303 ","2","60","0.15","102"
" OL-1086 ","TRN-9436","P103","3","95","0","285"
"OL-1087","","P202","3","65","0","195"
"OL-1088"," TRN-9436 ","C301","","55","0","165"
"OL-1088","TRN-9436","C301","3","55","0","165"
" OL-1090 ","TRN-9437"," P102 ","2","80","","160"
"#N/A","","P202","2","65","0","130"
"OL-1092","TRN-9437","P203","3","68","0","204"
"OL-1093","TRN-9438","P103","","","","190"
"OL-1094",""," P103 ","1","95","0","95"
"OL-1094","TRN-9438","P103","1","95","0","95"
"","TRN-9439","P201","3","70","0","210"
"OL-1096","TRN-9439","P201","3","70","0","210"
"","TRN-9439","C302","1","50","","50"
"OL-1098","TRN-9439","C302","1","50","0","50"
"OL-1100","TRN-9440","P102","1","","","80"
"OL-1101","TRN-9440","C303","2","60","0","120"
"OL-1102","TRN-9440"," P202 ","3","65","0","195"
"OL-1103","TRN-9441","C303","2","60","0","120"
"OL-1104","TRN-9441","","3","60","0",""
"","TRN-9442","P103","3","95","0","285"
"OL-1106","TRN-9443","P203","3","","0.05","193.8"
"OL-1107","","C303","3","60","0.05","171"
"","TRN-9443","P202","1","","0.05","61.75"
"","TRN-9444","P103","2","95","","161.5"
"OL-1110","TRN-9444","P202","2","","0.15","110.5"
"OL-1111","TRN-9444"," C302 ","1","50","0.15","42.5"
"OL-1112","TRN-9444","P103","1","95","0.15","80.75"
"OL-1113","TRN-9445","#N/A","3","95","0","285"
" OL-1114 ","TRN-9445","P101","3","85","0","255"
"OL-1115","#N/A","C303","3","60","0","180"
"OL-1116","TRN-9446","C301","1","55","0","55"
"OL-1116","TRN-9446","C301","1","55","0","55"
"OL-1117","TRN-9446","C302","3","50","0","150"
"OL-1119"," TRN-9447 ","P103","1","95","0.05","90.25"
"OL-1119","TRN-9447","P103","1","95","0.05","90.25"
"OL-1121","TRN-9448","C303","1","","0","60"
""," TRN-9448 ","P201","2","70","0","140"
"","TRN-9448","P202","3","65","0","195"
"OL-1124","TRN-9449","P202","2","65","0","130"
"OL-1125","TRN-9449","C303","3","60","0",""
"OL-1126"," TRN-9449 ","P202","","65","","65"
"OL-1127","TRN-9450","C304","3","58","0","174"
"OL-1127","TRN-9450","C304","3","58","0","174"
"OL-1129"," TRN-9450 ","C301","3","55","0","165"
"OL-1130"," TRN-9450 "," C302 ","1","50","0","50"
"OL-1131","TRN-9451","P101","1","","0.15","72.25"
"OL-1132","TRN-9451","C303","","60","0.15","153"
"OL-1133","TRN-9451","C302","2","50","0.15","85"
"","TRN-9451"," P101 ","2","85","0.15","144.5"
"OL-1134","TRN-9451","P101","2","85","0.15","144.5"
"","TRN-9452","P202","1","65","0.15","55.25"
"#N/A","TRN-9452","","1","","0.15","72.25"
"OL-1138","TRN-9453"," P202 ","3","65","0","195"
" OL-1139 "," TRN-9454 "," P202 ","2","","","130"
" OL-1140 ","TRN-9454","P102","1","","0",""
"OL-1141","#N/A"," P103 ","","95","0","95"
" OL-1142 ","TRN-9455","C303","2","60","0","120"
"OL-1143","","P203","1","68","0","68"
" OL-1144 ","TRN-9455"," P101 ","3","85","0","255"
"OL-1145","TRN-9456","C301","3","55","0","165"
"OL-1145","TRN-9456","C301","3","55","0","165"
"OL-1147","TRN-9458","C303","2","60","0.1","108"
"","TRN-9458"," P103 ","","95","0.1","171"
" OL-1149 "," TRN-9458 ","C301","3","55","0.1","148.5"
"OL-1150","TRN-9458","P201","1","","0.1","63"
"OL-1151","TRN-9459"," C301 ","1","55","0","55"
"OL-1152","TRN-9459","","","70","0","70"
"OL-1152","TRN-9459","P201","1","70","0","70"
"OL-1153","TRN-9459","P102","2","80","0","160"
"OL-1155","TRN-9461","C302","2","50","0.1","90"
"OL-1156","TRN-9462","P101","","85","0","255"
"OL-1157","TRN-9463","C304","1","58","0.1","52.2"
" OL-1158 ","TRN-9464"," P103 ","2","95","0","190"
"OL-1159",""," P102 ","1","80","0","80"
"OL-1160"," TRN-9465 ","","1","85","0","85"
"OL-1161","TRN-9465","P203","1","68","","68"
"OL-1162","TRN-9465","C302","1","","0","50"
"OL-1163"," TRN-9466 "," C301 ","3","55","0.15","140.25"
"OL-1164","TRN-9466","P201","2","70","0.15","119"
"OL-1164","TRN-9466","P201","2","70","0.15","119"
"OL-1166"," TRN-9467 ","P202","3","","0","195"
"OL-1167","TRN-9467","P202","2","","0","130"
"OL-1168","","P102","3","80","0","240"
"OL-1169"," TRN-9468 ","C304","","58","0",""
"OL-1170","TRN-9468","P203","2","68","0","136"
"OL-1171"," TRN-9469 ","P101","2","85","","144.5"
"OL-1172"," TRN-9469 ","C304","3","58","0.15","147.9"
"","TRN-9469","C302","1","50","0.15","42.5"
"","TRN-9469","P201","2","70","0.15","119"
" OL-1175 ","TRN-9470","P103","3","95","0",""
"OL-1176","TRN-9470","P202","","65","0","195"
"OL-1177","TRN-9470","P102","3","","0","240"
" OL-1178 ","TRN-9471","P103","3","95","0","285"
"OL-1179","#N/A","P101","3","85","0","255"
"OL-1180","TRN-9472","P201","1","70","0","70"
"","TRN-9472","P102","3","80","0","240"
"OL-1182","TRN-9473"," P201 ","2","","0.1","126"
"OL-1183","TRN-9473","C304","3","58","0.1","156.6"
"OL-1184"," TRN-9473 "," C304 ","3","58","0.1","156.6"
"OL-1184","TRN-9473","C304","3","58","0.1","156.6"
" OL-1186 ","TRN-9475","P101","","85","0","85"
"","TRN-9475","C304","3","58","0","174"
"","","C301","3","55","0","165"
"OL-1189","TRN-9475","P103","2","95","","190"
"OL-1190","TRN-9476","P203","1","68","0",""
"OL-1190","TRN-9476","P203","1","68","0","68"
"OL-1192","TRN-9476","","3","85","0","255"
"OL-1193","TRN-9476","C301","1","","","55"
"OL-1194"," TRN-9477 ","P202","1","65","0.05","61.75"
"OL-1195","","P103","3","95","0.05","270.75"
"OL-1196","TRN-9477","C302","3","50","0.05","142.5"
"OL-1197","TRN-9478","P201","1","70","0","70"
"OL-1198","TRN-9479","P101","","85","","170"
"OL-1198","TRN-9479","P101","2","85","0","170"
" OL-1200 ","TRN-9479","P203","1","68","0","68"
"OL-1201","TRN-9480","C303","1","60","0","60"
"OL-1201","TRN-9480","C303","1","60","0","60"
"OL-1202","TRN-9481","C302","1","50","0.1","45"
"OL-1204","TRN-9481","","1","70","0.1","63"
"","TRN-9481","C301","2","55","0.1","99"
"OL-1206","TRN-9482","C304","3","58","0","174"
"OL-1206","TRN-9482","C304","3","58","0","174"
"OL-1208","#N/A","P103","","95","0.05","270.75"
"OL-1208","TRN-9483","P103","3","95","0.05","270.75"
"OL-1209","TRN-9483","P201","2","70","0.05","133"
"OL-1211","TRN-9483","P102","3","80","0.05","228"
" OL-1212 ","","P102","3","80","0.15","204"
"OL-1213","TRN-9485","P102","3","80","0","240"
"OL-1214","TRN-9485","C302","3","","0","150"
"OL-1215","TRN-9486","P201","1","70","","59.5"
"OL-1216"," TRN-9486 ","P203","2","68","0.15","115.6"
"OL-1217","TRN-9486","#N/A","2","58","","98.6"
"OL-1218"," TRN-9487 ","C302","1","50","0","50"
"OL-1219","TRN-9488"," C304 ","3","","0","174"
"OL-1220","TRN-9489","C301","1","55","","55"
"OL-1221","TRN-9490","C302","3","50","0","150"
"OL-1222","TRN-9490","P103","1","95","0",""
"OL-1223","TRN-9491"," P103 ","2","95","","190"
"OL-1224","TRN-9491","C304","2","58","0",""
"OL-1225","TRN-9491","C304","2","","0","116"
"","TRN-9492","C302","3","50","0.1","135"
"OL-1227"," TRN-9492 ","C303","1","60","0.1","54"
"OL-1228","#N/A","C301","1","55","0.05","52.25"
"OL-1228","TRN-9493","C301","1","55","0.05","52.25"
"OL-1230","TRN-9493"," P203 ","1","68","0.05","64.6"
"OL-1231"," TRN-9494 ","C302","1","50","0.05",""
"OL-1232","","C301","2","55","0","110"
"OL-1232","TRN-9495","C301","2","55","0","110"
"OL-1234","TRN-9495","P102","2","80","0","160"
"OL-1235","TRN-9495","C304","2","58","0","116"
""," TRN-9496 ","C304","2","58","","116"
" OL-1237 ","TRN-9496","P203","1","68","0","68"
"OL-1238","TRN-9496","P101","2","85","0","170"
"","TRN-9496","P101","1","85","0","85"
"","TRN-9497","","1","50","0","50"
"OL-1241","TRN-9497"," P202 ","3","65","0","195"
"#N/A","TRN-9498","P103","1","95","0","95"
"OL-1243","TRN-9498","P202","3","65","0","195"
"OL-1244","TRN-9498","P203","3","68","","204"
"","TRN-9499","C301","2","55","0.1","99"
"","TRN-9499","P103","","95","0.1","85.5"
"OL-1247","","P103","3","95","0",""
"OL-1248","TRN-9501","P203","2","68","0","136"
"OL-1248","TRN-9501","P203","2","68","0","136"
"OL-1250","TRN-9502"," C303 ","1","60","0.05","57"
"OL-1251"," TRN-9503 ","C303","1","60","0",""
"","TRN-9503","P203","3","68","0","204"
" OL-1253 ","TRN-9504","C302","2","50","0","100"
"OL-1254","TRN-9504","P102","1","80","","80"
"OL-1255","TRN-9504","P102","2","80","0","160"
"OL-1256","TRN-9505","P101","2","85","0.1","153"
" OL-1257 ","TRN-9505","#N/A","3","65","0.1","175.5"
"OL-1257","TRN-9505","P202","3","65","0.1","175.5"
"OL-1259","TRN-9506","P203","3","68","0","204"
"OL-1259","TRN-9506","P203","3","68","0","204"
"OL-1260","TRN-9506","P102","1","80","0","80"
" OL-1262 ","TRN-9506","P103","1","","0","95"
"OL-1262","TRN-9506","P103","1","95","0","95"
" OL-1264 ","TRN-9508","P203","2","68","0","136"
"OL-1265","TRN-9509","P102","2","80","0.1","144"
"OL-1266","","P101","1","85","0.1","76.5"
"OL-1267","TRN-9510","P101","3","85","0","255"
"OL-1268"," TRN-9511 ","C302","2","50","0","100"
" OL-1269 ","TRN-9512","P202","","65","0","130"
"OL-1269","TRN-9512","P202","2","65","0","130"
"OL-1271","TRN-9514","P202","1","65","0.05","61.75"
"OL-1271","TRN-9514","P202","1","65","0.05","61.75"
"OL-1273","","P102","3","","","228"
"OL-1273","TRN-9514","P102","3","80","0.05","228"
"","TRN-9515","P101","2","85","0","170"
"OL-1276","TRN-9515","P203","2","68","0","136"
"OL-1277","TRN-9516","P201","1","70","0","70"
"OL-1278","","C302","3","50","0","150"
"OL-1279","TRN-9517","C303","3","","0","180"
"","TRN-9517","P203","2","68","0","136"
"OL-1281","TRN-9517","C301","","55","0",""
"OL-1282","TRN-9517","P201","3","70","0","210"
"OL-1282","TRN-9517","P201","3","70","0","210"
"OL-1284","TRN-9519","P102","1","80","0",""
"OL-1284","TRN-9519","P102","1","80","0","80"
"","TRN-9520"," P201 ","2","70","0","140"
"OL-1287","TRN-9520"," P103 ","2","95","0","190"
"OL-1288","TRN-9520","P203","","68","0","68"
" OL-1289 ","TRN-9521"," P103 ","3","95","0",""
"OL-1290","TRN-9521","","2","50","0","100"
"OL-1291"," TRN-9521 ","C302","","50","0","100"
"OL-1291","TRN-9521","C302","2","50","0","100"
"OL-1293","TRN-9522"," P202 ","3","65","0","195"
" OL-1294 ","","","1","55","0","55"
"OL-1294","TRN-9522","C301","1","55","0","55"
"OL-1296","TRN-9523","C301","3","55","0","165"
"OL-1297","TRN-9523","C304","2","58","0","116"
"#N/A"," TRN-9523 ","P203","2","68","0",""
"OL-1299","TRN-9523","P201","1","70","0","70"
" OL-1300 ","TRN-9524","","2","","0.15","136"
"OL-1301","TRN-9524","C303","2","60","","102"
"OL-1302","TRN-9524","C304","2","58","0.15","98.6"
"OL-1303"," TRN-9525 ","C302","2","","","90"
"OL-1304"," TRN-9525 ","","3","85","0.1","229.5"
"","","P201","","70","0","70"
"OL-1306","TRN-9526","P202","1","","","65"
"OL-1307","TRN-9527","C301","1","55","0","55"
" OL-1308 ","TRN-9527","P203","1","68","0",""
"OL-1309","","P201","1","70","0",""
"OL-1310"," TRN-9527 ","#N/A","","50","0","100"
"","TRN-9528","","2","95","0","190"
"OL-1312"," TRN-9528 ","C302","2","50","","100"
"OL-1313","","P201","3","70","0",""
"OL-1314","TRN-9529","P202","","65","0","130"
"OL-1315","TRN-9529","P103","3","95","","285"
"#N/A","TRN-9529","P202","3","","0","195"
"OL-1316","TRN-9529","P202","3","65","0","195"
"OL-1317","TRN-9530","C302","1","50","0.15","42.5"
" OL-1319 "," TRN-9530 "," C303 ","1","60","0.15","51"
"OL-1319","TRN-9530","C303","1","60","0.15","51"
"","TRN-9531","C304","1","58","0.15","49.3"
"OL-1322","TRN-9531","P201","2","70","0.15","119"
" OL-1323 ","TRN-9532","C304","2","58","0","116"
" OL-1324 ","TRN-9532","P103","3","","0","285"
"OL-1325","TRN-9532","","3","95","","285"
"OL-1326","TRN-9532","P203","2","68","0","136"
"OL-1327","TRN-9533","C302","1","50","0",""
"","TRN-9534"," P201 ","2","70","0.15","119"
""," TRN-9535 ","#N/A","3","60","0",""
"OL-1330","TRN-9535","P201","3","","0","210"
"OL-1331","TRN-9535","P102","3","80","0","240"
"OL-1332","TRN-9535","P103","1","95","0","95"
" OL-1333 ","TRN-9536","P102","3","80","0.1","216"
"OL-1334","TRN-9536","P201","3","70","0.1","189"
"OL-1335"," TRN-9536 ","C301","2","55","0.1","99"
"OL-1336","#N/A","P101","3","85","0.05","242.25"
"OL-1336","TRN-9537","P101","3","85","0.05","242.25"
"OL-1338"," TRN-9539 ","C304","","","0","58"
"OL-1339","TRN-9540","C301","2","55","0","110"
"OL-1340","TRN-9541","","2","","0",""
"","TRN-9541","P203","3","68","0","204"
"OL-1342"," TRN-9541 ","P102","2","80","0","160"
"OL-1343","TRN-9542","P201","3","70","0","210"
"OL-1344","TRN-9542","P202","","65","0","195"
" OL-1345 ","TRN-9543","P101","1","85","0","85"
"OL-1346","TRN-9543","P101","3","85","","255"
"OL-1347"," TRN-9544 ","","3","65","0.05","185.25"
"OL-1348"," TRN-9544 ","C303","2","60","0.05","114"
"OL-1349","TRN-9544","P101","3","85","0.05","242.25"
"OL-1350","TRN-9545","C303","3","60","0","180"
"OL-1351",""," C303 ","2","60","0","120"
"OL-1351","TRN-9545","C303","2","60","0","120"
" OL-1353 ","TRN-9546","C303","","60","0","120"
"OL-1354"," TRN-9547 ","P202","3","65","0","195"
"OL-1354","TRN-9547","P202","3","65","0","195"
"","TRN-9547"," P201 ","3","","0","210"
"OL-1357","TRN-9548","P202","","65","0.1","58.5"
"OL-1358","TRN-9548","P102","2","80","0.1","144"
"OL-1359","TRN-9548","","2","60","0.1",""
"OL-1360","TRN-9549"," C304 ","3","58","0","174"
"OL-1360","TRN-9549","C304","3","58","0","174"
"OL-1362","TRN-9550","C302","","50","0","50"
"","TRN-9550","P103","1","95","0","95"
"OL-1364","TRN-9550","P201","1","70","0",""
"OL-1364","TRN-9550","P201","1","70","0","70"
"OL-1365","TRN-9550","P102","1","80","0","80"
"OL-1367","TRN-9551","C301","2","55","0","110"
"OL-1368","TRN-9551","P202","2","65","0","130"
"OL-1369","TRN-9552","C304","3","58","0","174"
"OL-1370","TRN-9553"," P202 ","1","65","0","65"
"#N/A","TRN-9554"," C301 ","1","55","0","55"
" OL-1372 ","TRN-9554"," C304 ","3","58","0","174"
" OL-1373 ","TRN-9554","#N/A","3","85","0","255"
"OL-1374","TRN-9554"," P202 ","2","65","0","130"
"OL-1375"," TRN-9555 "," P203 ","3","68","","204"
" OL-1376 ","TRN-9555","C301","3","55","0","165"
"OL-1377","TRN-9555"," C303 ","3","60","0","180"
"OL-1378","","P202","","65","0.05","185.25"
"OL-1379","TRN-9556","P102","","80","0.05","228"
"OL-1379","TRN-9556","P102","3","80","0.05","228"
"OL-1381","TRN-9557","P201","1","70","0","70"
"OL-1382"," TRN-9557 ","P201","","70","0","210"
"OL-1383","TRN-9558","C301","2","55","0.15","93.5"
" OL-1384 ","TRN-9558","#N/A","1","60","0.15",""
"OL-1385","TRN-9558","","1","95","0.15",""
"","TRN-9559","P102","","80","0","80"
"OL-1386","TRN-9559","P102","1","80","0","80"
"OL-1388","TRN-9560"," C304 ","2","58","0.05","110.2"
"OL-1389","TRN-9560","P201","3","70","","199.5"
"OL-1390","","","3","50","0.05","142.5"
"","TRN-9561"," P201 ","2","70","0","140"
"OL-1392","TRN-9561","P201","1","70","0","70"
"OL-1393","TRN-9561","P202","3","65","0","195"
" OL-1394 ","TRN-9562"," P202 ","1","65","","65"
"OL-1394","TRN-9562","P202","1","65","0","65"
"OL-1396","TRN-9563","C301","3","55","0.1","148.5"
"OL-1397","TRN-9563","C303","1","60","",""
"OL-1398","TRN-9564","C304","1","58","0.15","49.3"
"OL-1398","TRN-9564","C304","1","58","0.15","49.3"
" OL-1400 "," TRN-9564 ","P202","3","65","0.15",""
"OL-1401","TRN-9565","#N/A","1","85","0","85"
"OL-1402","TRN-9565","C302","2","","0","100"
"OL-1403","TRN-9565","P102","","80","0","80"
"#N/A","TRN-9565","P101","2","85","0","170"
"OL-1405","","P201","3","70","0","210"
"OL-1406","TRN-9566","P103","1","95","",""
"OL-1407","TRN-9567","P103","2","95","0","190"
"","TRN-9568","P203","2","68","0",""
"OL-1409","TRN-9568","","3","80","0","240"
"#N/A"," TRN-9569 ","C303","2","60","0","120"
"OL-1411","TRN-9569","","3","55","0","165"
"OL-1412","TRN-9569","P102","1","80","0","80"
"OL-1413","","C302","2","50","0","100"
"OL-1414","TRN-9571","#N/A","1","70","0","70"
" OL-1415 ","TRN-9571","C301","","55","0","110"
"OL-1415","TRN-9571","C301","2","55","0","110"
"OL-1417","TRN-9571"," P202 ","","65","0",""
"OL-1418","TRN-9572","P103","2","95","0","190"
"OL-1419","TRN-9573","C301","2","","0","110"
"OL-1420"," TRN-9573 ","P101","","85","0","85"
"OL-1421","TRN-9573","P201","3","70","0","210"
"OL-1422"," TRN-9573 ","P202","1","","0","65"
"","TRN-9574","P103","1","95","0.15","80.75"
"OL-1424","TRN-9574","P101","1","85","0.15","72.25"
"OL-1425","TRN-9575","P203","2","68","0","136"
"OL-1426","","C304","1","58","","58"
"",""," P201 ","","70","0.05","66.5"
"OL-1428","TRN-9577","P102","1","80","0.1","72"
"OL-1429","TRN-9577","P101","1","85","0.1","76.5"
"OL-1430","TRN-9577","","2","60","0.1","108"
"OL-1430","TRN-9577","C303","2","60","0.1","108"
"OL-1432","TRN-9578","C303","3","60","0","180"
"#N/A","TRN-9579","P101","","85","","144.5"
"OL-1434","TRN-9579","P202","2","65","0.15","110.5"
"OL-1435"," TRN-9580 ","P202","2","65","0.1","117"
"OL-1436","TRN-9581","C302","3","50","0","150"
"OL-1437"," TRN-9581 ","","1","50","0","50"
"OL-1438","TRN-9581","P102","1","80","0","80"
"OL-1438","TRN-9581","P102","1","80","0","80"
" OL-1440 ","TRN-9582","P203","3","68","0","204"
"OL-1441","TRN-9582","P202","1","","0","65"
"OL-1442"," TRN-9582 ","C303","2","60","0","120"
"OL-1443"," TRN-9582 ","#N/A","3","70","0","210"
"OL-1444","TRN-9583","P203","1","68","0.05","64.6"
"#N/A","TRN-9583","C302","","50","0.05",""
"OL-1446","","P201","3","70","0.05","199.5"
" OL-1447 ","TRN-9583","P101","3","85","0.05",""
"OL-1447","TRN-9583","P101","3","85","0.05","242.25"
"OL-1449","TRN-9584","P102","3","80","0.05","228"
"OL-1450","TRN-9585","P203","2","68","0","136"
" OL-1451 ",""," C301 ","3","55","0","165"
"OL-1452","TRN-9585","","3","58","0","174"
"OL-1453"," TRN-9586 ","P203","2","68","0","136"
"OL-1453","TRN-9586","P203","2","68","0","136"
"OL-1455","TRN-9587","P102","3","","0","240"
"OL-1456","TRN-9588","P202","3","65","0","195"
"OL-1457"," TRN-9588 ","","1","55","","55"
"OL-1458","TRN-9589","C304","1","58","0","58"
"OL-1459"," TRN-9590 ","P101","3","85","0","255"
"OL-1460","TRN-9590"," P101 ","3","85","0","255"
"OL-1460","TRN-9590","P101","3","85","0","255"
"OL-1462","TRN-9591","C304","","58","0","174"
"OL-1463"," TRN-9591 ","C303","1","60","","60"
"OL-1464","TRN-9591","P102","1","80","0","80"
"OL-1465","","P102","2","80","0","160"
" OL-1466 ","TRN-9593","P201","1","70","","70"
" OL-1467 ","TRN-9593","C303","2","60","0","120"
"OL-1468","TRN-9593","C303","3","60","0","180"
"OL-1469","TRN-9593","","1","68","0","68"
" OL-1470 "," TRN-9594 ","C303","1","60","0",""
" OL-1471 ","TRN-9594","P201","3","70","0","210"
"OL-1472"," TRN-9594 ","P103","3","95","","285"
"OL-1473","TRN-9595","P203","2","68","0","136"
"OL-1474","TRN-9595"," C301 ","3","55","0","165"
"OL-1474","TRN-9595","C301","3","55","0","165"
"OL-1476","TRN-9596","P102","2","80","0","160"
"OL-1477","TRN-9596","P201","1","70","0","70"
"OL-1478","TRN-9597","P201","1","70","0","70"
"OL-1479","TRN-9598"," P102 ","2","80","0.15","136"
"","TRN-9598","P203","","68","0.15","57.8"
"OL-1481","TRN-9598","P102","","80","0.15","68"
"OL-1482","TRN-9599","P202","1","65","0","65"
"OL-1482","TRN-9599","P202","1","65","0","65"
"OL-1484","TRN-9601","P202","3","65","0","195"
"OL-1484","TRN-9601","P202","3","65","0","195"
"OL-1486","TRN-9601","P103","1","95","0","95"
"","TRN-9601","C301","2","","0","110"
"OL-1488","TRN-9602","P101","3","85","0.1","229.5"
"OL-1489","TRN-9602","","2","50","0.1","90"
"OL-1490","TRN-9602","C301","1","55","0.1","49.5"
"OL-1491","TRN-9603","C301","1","55","0.1","49.5"
"OL-1492","TRN-9604","P203","","68","0","136"
"#N/A","TRN-9604","#N/A","1","60","0","60"
"OL-1494","TRN-9604","","3","","","174"
"OL-1495",""," C303 ","1","60","0","60"
"OL-1495","TRN-9605","C303","1","60","0","60"
"OL-1497","TRN-9605","P201","3","","0",""
"OL-1498","TRN-9606"," P203 ","1","68","0","68"
"OL-1499","TRN-9606","P202","2","65","0","130"
"OL-1500","TRN-9607","P203","2","68","0.05","129.2"
"OL-1501","TRN-9607","P101","3","85","0.05","242.25"
"OL-1502","","P201","2","70","0.05","133"
"OL-1503","TRN-9607","C303","","60","0.05","57"
"OL-1504","","C302","2","50","0","100"
"OL-1505"," TRN-9608 ","P203","3","68","0","204"
"OL-1506","","P102","1","","0.1","72"
" OL-1507 ","TRN-9609","P103","2","95","0.1","171"
"OL-1508","","P202","1","65","0.1","58.5"
"OL-1509","TRN-9609","P203","2","68","0.1","122.4"
"","TRN-9610","P203","2","68","0","136"
" OL-1511 ","TRN-9610","P203","1","68","0",""
"OL-1512","TRN-9610","P201","1","70","0","70"
"OL-1513","TRN-9611","P102","1","80","0","80"
"OL-1514","TRN-9611","P103","2","95","0","190"
"OL-1514","TRN-9611","P103","2","95","0","190"
""," TRN-9612 "," C302 ","2","50","0.05","95"
" OL-1517 ","TRN-9613","C302","2","50","0","100"
"OL-1518","TRN-9613","C302","3","50","0","150"
" OL-1519 ","TRN-9613"," P103 ","3","95","0","285"
"OL-1519","TRN-9613","P103","3","95","0","285"
"OL-1521","TRN-9614","","3","80","0","240"
"OL-1522","TRN-9614","C302","2","50","0","100"
"OL-1523","","P101","3","85","","229.5"
"OL-1523","TRN-9615","P101","3","85","0.1","229.5"
"OL-1524","TRN-9616","P101","3","85","0","255"
"OL-1525","TRN-9617","P101","2","85","0","170"
"OL-1527","TRN-9617","C302","2","50","0","100"
"OL-1528","TRN-9618","C303","3","60","0","180"
" OL-1529 ","TRN-9619","P103","2","95","0","190"
"OL-1529","TRN-9619","P103","2","95","0","190"
"OL-1531","","P202","3","65","",""
" OL-1532 ","TRN-9620"," P101 ","1","85","","72.25"
"OL-1533","TRN-9620","C301","1","55","0.15","46.75"
"OL-1534","TRN-9620","P102","2","80","0.15","136"
"OL-1535","TRN-9621","C302","1","50","0","50"
"OL-1535","TRN-9621","C302","1","50","0","50"
"OL-1537","TRN-9622"," P101 ","3","85","0","255"
"OL-1537","TRN-9622","P101","3","85","0","255"
"OL-1539","","C302","2","50","0","100"
"OL-1540","TRN-9623","P101","3","85","0","255"
"OL-1541","TRN-9623","C303","1","60","0","60"
"OL-1542","TRN-9624","C301","3","55","0.1","148.5"
"OL-1543"," TRN-9625 ","P201","3","70","0","210"
"OL-1543","TRN-9625","P201","3","70","0","210"
"OL-1545","TRN-9626","","3","70","0","210"
"OL-1546","","P102","2","80","0","160"
"OL-1547","TRN-9628","C303","3","60","","162"
"","TRN-9628","P101","2","85","0.1","153"
"OL-1549"," TRN-9629 ","C301","1","55","0","55"
"OL-1550"," TRN-9629 ","P202","1","65","0","65"
"OL-1551","TRN-9630","C304","2","","0","116"
"OL-1552","TRN-9630","P102","2","","0",""
"OL-1552","TRN-9630","P102","2","80","0","160"
"","","C303","","60","0","180"
"OL-1554","TRN-9630","C303","3","60","0","180"
"OL-1556","TRN-9631","P101","1","85","0.15","72.25"
"OL-1557","TRN-9632","C303","2","60","0","120"
" OL-1558 ","TRN-9632","P201","3","","0","210"
"OL-1559"," TRN-9632 ","C302","3","","0","150"
"OL-1560","TRN-9632"," P202 ","2","65","","130"
"OL-1561","TRN-9633","C304","","58","0","174"
"","TRN-9633"," P203 ","3","68","0","204"
"","#N/A","P102","","80","0","80"
"OL-1564","TRN-9633","P103","","95","","95"
""," TRN-9634 ","P201","2","70","0","140"
"OL-1566","TRN-9634","C303","2","60","0","120"
"OL-1567","TRN-9635","P202","3","65","0","195"
"#N/A","TRN-9636","C302","2","50","0",""
"OL-1569","TRN-9636","","2","","","170"
"OL-1569","TRN-9636","P101","2","85","0","170"
" OL-1571 ","TRN-9637","P103","3","95","0.15","242.25"
"OL-1571","TRN-9637","P103","3","95","0.15","242.25"
"OL-1573","TRN-9638","C304","3","58","0","174"
"OL-1574","TRN-9638","C302","3","50","0","150"
"OL-1575","","P103","1","","0","95"
"OL-1576","TRN-9639","P101","2","85","0","170"
"OL-1576","TRN-9639","P101","2","85","0","170"
" OL-1578 ","TRN-9639","","1","70","0","70"
"OL-1579","TRN-9639","P201","2","70","0","140"
"OL-1580","TRN-9640","","3","80","0",""
"OL-1581","TRN-9641","P103","2","95","0.1","171"
"OL-1582","TRN-9641","#N/A","2","58","0.1","104.4"
"OL-1583","TRN-9642","C303","2","60","0.1","108"
"OL-1583","TRN-9642","C303","2","60","0.1","108"
"OL-1585","","P103","2","95","0.1","171"
"OL-1586","TRN-9643","P103","3","","","285"
"OL-1586","TRN-9643","P103","3","95","0","285"
"OL-1588","TRN-9644","P103","2","95","0.1","171"
"OL-1589"," TRN-9644 "," C303 ","1","60","0.1",""
"OL-1590","TRN-9644","P202","2","65","0.1",""
"OL-1591","TRN-9645"," P203 ","3","","0","204"
"OL-1592","","P203","3","68","0","204"
"OL-1593","TRN-9645"," C302 ","2","50","","100"
" OL-1594 ","TRN-9646","C304","2","58","0","116"
"","","C303","1","","0","60"
"OL-1596","TRN-9646","P203","3","68","0",""
" OL-1597 ","TRN-9646","C301","2","55","0","110"
"OL-1598","TRN-9647","","3","80","0","240"
"OL-1599","TRN-9648","P201","2","70","0.15","119"
" OL-1600 "," TRN-9648 ","C304","","58","0.15","98.6"
"","TRN-9649","P203","1","68","0","68"
" OL-1602 ","TRN-9650","P203","3","68","0","204"
"OL-1603","TRN-9651"," P201 ","1","70","0","70"
" OL-1604 ","","P103","2","95","0","190"
"OL-1604","TRN-9651","P103","2","95","0","190"
" OL-1606 ","TRN-9653","P103","2","","0",""
"OL-1607","TRN-9653","#N/A","1","55","","55"
"OL-1607","TRN-9653","C301","1","55","0","55"
"OL-1609","TRN-9653","#N/A","1","70","0",""
"OL-1610","TRN-9654","P202","1","65","0","65"
" OL-1611 ","TRN-9654","C301","2","55","0","110"
"OL-1612","TRN-9654","P202","2","","0","130"
"OL-1612","TRN-9654","P202","2","65","0","130"
"","","P102","1","","0.15","68"
"OL-1615"," TRN-9655 ","","3","58","0.15","147.9"
"OL-1615","TRN-9655","C304","3","58","0.15","147.9"
""," TRN-9655 ","P103","","95","0.15",""
"OL-1618","TRN-9656","","3","60","0","180"
"OL-1619","TRN-9656"," P102 ","1","80","0","80"
" OL-1620 ","TRN-9656","P101","","","0","255"
"OL-1621","TRN-9657","P201","1","70","0.05","66.5"
"OL-1621","TRN-9657","P201","1","70","0.05","66.5"
" OL-1623 ","TRN-9657","P101","3","85","0.05","242.25"
" OL-1624 ","TRN-9657","C304","1","58","0.05",""
"","TRN-9658"," P202 ","2","65","0","130"
"OL-1626","#N/A","C301","","55","","165"
"OL-1626","TRN-9658","C301","3","55","0","165"
"OL-1628","TRN-9659","C303","3","60","0","180"
"OL-1629","TRN-9659","P201","1","70","0","70"
"OL-1630","TRN-9659"," P101 ","1","85","0","85"
"OL-1631"," TRN-9660 ","P203","2","68","0","136"
"OL-1632","TRN-9660","","1","70","","70"
"OL-1633"," TRN-9660 ","P203","2","68","0","136"
" OL-1634 ","TRN-9660","C301","3","55","0","165"
"OL-1635","TRN-9661","C301","3","55","0.05","156.75"
"OL-1636","TRN-9661","","2","80","0.05","152"
"OL-1637"," TRN-9662 ","P101","2","85","0.1","153"
"OL-1638","TRN-9662","C304","1","58","0.1","52.2"
"OL-1639","TRN-9662","C301","3","55","0.1","148.5"
"OL-1639","TRN-9662","C301","3","55","0.1","148.5"
"OL-1641","TRN-9663"," P202 ","1","65","0.05","61.75"
"OL-1642","","P101","","85","0.05","80.75"
"OL-1643","TRN-9663","C303","3","60","0.05","171"
"OL-1644","TRN-9663","","3","68","0.05","193.8"
"OL-1645","TRN-9664","P201","3","","0.15","178.5"
"OL-1645","TRN-9664","P201","3","70","0.15","178.5"
"OL-1647","TRN-9664","","2","55","0.15","93.5"
"OL-1647","TRN-9664","C301","2","55","0.15","93.5"
"OL-1649","TRN-9665","C302","3","","",""
"OL-1649","TRN-9665","C302","3","50","0","150"
"OL-1651","TRN-9666","P201","2","70","0","140"
" OL-1652 ","TRN-9666","P102","3","80","0","240"
"OL-1653","TRN-9667"," C302 ","3","50","","150"
"OL-1654"," TRN-9667 "," P201 ","2","70","0","140"
"OL-1654","TRN-9667","P201","2","70","0","140"
"OL-1656","TRN-9669"," P103 ","2","95","0","190"
"OL-1657","","P201","1","70","0.15","59.5"
"OL-1657","TRN-9670","P201","1","70","0.15","59.5"
" OL-1659 ",""," P102 ","2","80","0.15","136"
" OL-1660 ","TRN-9671","P203","3","68","0.05","193.8"
"OL-1661","TRN-9671","","","58","0.05","165.3"
"OL-1662"," TRN-9672 ","C302","1","50","0",""
"OL-1662","TRN-9672","C302","1","50","0","50"
"OL-1664","TRN-9672"," P201 ","3","70","0","210"
"OL-1665"," TRN-9672 ","C302","3","50","0","150"
"","TRN-9673","#N/A","3","85","0","255"
"OL-1667","TRN-9674","C304","2","58","","98.6"
"OL-1668","","P202","1","","0.15",""
" OL-1669 ","TRN-9674","C304","","58","0.15","98.6"
" OL-1670 ","TRN-9675","P103","1","95","0","95"
" OL-1671 ","TRN-9676"," P101 ","1","85","0","85"
"OL-1672","TRN-9676","P201","2","70","0","140"
"","TRN-9676","#N/A","1","58","0","58"
"OL-1673","TRN-9676","C304","1","58","0","58"
" OL-1675 ","TRN-9677","C303","1","60","0","60"
"OL-1676","TRN-9678","P202","1","","0",""
"OL-1677","TRN-9678","C303","3","60","","180"
"OL-1678","","#N/A","3","85","0","255"
"OL-1679","TRN-9679","C304","3","58","0",""
" OL-1680 ","TRN-9679","C301","3","55","0","165"
" OL-1681 ","TRN-9679","C302","2","50","","100"
"","TRN-9679","P201","1","70","0","70"
"OL-1683",""," P201 ","2","70","0","140"
"OL-1684","TRN-9680","P103","1","95","0","95"
"OL-1685"," TRN-9680 ","C302","3","50","","150"
"#N/A","TRN-9681","C303","2","","0","120"
"OL-1687","TRN-9681","P102","1","80","0","80"
"OL-1688","TRN-9682"," C301 ","3","55","0.05","156.75"
"","TRN-9682","P203","2","68","0.05","129.2"
"OL-1690","TRN-9683","P102","3","80","0","240"
"OL-1690","TRN-9683","P102","3","80","0","240"
"OL-1692","TRN-9684"," C301 ","3","55","","165"
"OL-1693","TRN-9685","P201","3","70","0","210"
"#N/A","TRN-9686","C303","1","60","0","60"
" OL-1695 ","TRN-9686","P101","1","85","0","85"
"OL-1696","TRN-9686","P201","1","","0","70"
"OL-1696","TRN-9686","P201","1","70","0","70"
"OL-1698","TRN-9687","C301","2","55","0","110"
"","","C302","1","50","0","50"
"OL-1700","TRN-9688","C303","3","60","0.1","162"
"OL-1701","TRN-9689","P101","2","85","0","170"
"#N/A"," TRN-9689 ","P202","1","65","0","65"
"OL-1702","TRN-9689","P202","1","65","0","65"
"","TRN-9689","#N/A","3","85","0","255"
"OL-1704","TRN-9689","P101","3","85","0","255"
"OL-1706","","C302","3","50","0","150"
"OL-1707","TRN-9691","P103","2","95","0.05","180.5"
"OL-1708","TRN-9691","C303","1","60","0.05","57"
"OL-1709","","P101","","85","0.05",""
"","TRN-9692","P202","2","65","0",""
"OL-1711","TRN-9693","P101","3","85","0","255"
"OL-1711","TRN-9693","P101","3","85","0","255"
"OL-1713","TRN-9694","","2","60","0","120"
"OL-1714","","P102","2","","0","160"
"OL-1715","TRN-9696","P201","2","70","0","140"
" OL-1716 ","TRN-9696","C304","3","58","0","174"
"OL-1717","TRN-9696"," C304 ","","58","0","58"
" OL-1718 ","","C301","3","55","0.05","156.75"
"OL-1719","TRN-9697"," P203 ","1","68","0.05","64.6"
"#N/A"," TRN-9697 ","#N/A","2","60","","114"
"OL-1720","TRN-9697","C303","2","60","0.05","114"
"OL-1722","TRN-9699","P103","2","95","0.05","180.5"
"OL-1722","TRN-9699","P103","2","95","0.05","180.5"
"OL-1724","TRN-9700","P203","3","68","0.05","193.8"
"OL-1724","TRN-9700","P203","3","68","0.05","193.8"
"OL-1726","","C301","1","55","0.15","46.75"
"OL-1726","TRN-9701","C301","1","55","0.15","46.75"
"OL-1727","TRN-9702","C303","1","60","0","60"
"","TRN-9702","C302","3","","","150"
"OL-1730","TRN-9702","","1","95","0","95"
"OL-1730","TRN-9702","P103","1","95","0","95"
"OL-1732","TRN-9703","C304","3","58","0","174"
"OL-1733"," TRN-9704 ","P103","3","95","0","285"
"OL-1734","#N/A","","3","65","0","195"
"OL-1734","TRN-9704","P202","3","65","0","195"
"OL-1736","TRN-9706"," C301 ","2","","0","110"
"OL-1737","TRN-9706","","2","70","0","140"
"OL-1738","TRN-9707","P102","3","80","0.05","228"
"OL-1739","TRN-9707","P102","2","80","0.05","152"
"OL-1740","TRN-9707","P102","","80","0.05","228"
" OL-1741 ","TRN-9708","C302","2","50","0","100"
" OL-1742 ","TRN-9708","C301","","55","0","165"
"OL-1743","TRN-9708","#N/A","3","70","0","210"
"OL-1744","TRN-9709","","1","70","0.05","66.5"
"OL-1745","TRN-9709"," C303 ","","60","0.05",""
"OL-1746"," TRN-9710 ","P102","2","","0","160"
"OL-1747","TRN-9710"," P102 ","2","80","0","160"
"OL-1747","TRN-9710","P102","2","80","0","160"
"OL-1748","TRN-9711","C303","1","60","0.05","57"
"OL-1750","TRN-9712","#N/A","1","95","0","95"
" OL-1751 ","TRN-9712","P203","3","68","0","204"
"OL-1752","","C301","3","55","","165"
"OL-1752","TRN-9712","C301","3","55","0","165"
"OL-1754","","","2","60","","120"
"OL-1755","TRN-9714","P102","1","80","0","80"
"OL-1756","TRN-9714","","2","65","0","130"
"OL-1756","TRN-9714","P202","2","65","0","130"
"OL-1757","TRN-9715","C302","2","50","0","100"
"","TRN-9716","P103","3","95","0","285"
"OL-1760","TRN-9717","C303","2","","0","120"
" OL-1761 ","TRN-9717"," P202 ","3","65","0","195"
"OL-1761","TRN-9717","P202","3","65","0","195"
"OL-1763","","C301","3","55","0","165"
"OL-1764","TRN-9718","P102","","80","0","240"
"#N/A"," TRN-9718 ","P102","1","80","0","80"
"OL-1766"," TRN-9718 ","","1","58","0","58"
"OL-1767","TRN-9719","C301","2","55","0.05","104.5"
"OL-1768"," TRN-9719 ","P103","3","95","0.05",""
"OL-1769","TRN-9720","P101","1","85","0","85"
"OL-1770","TRN-9720","#N/A","1","60","0","60"
" OL-1771 ","TRN-9720","P103","1","95","0","95"
"OL-1771","TRN-9720","P103","1","95","0","95"
"OL-1773","TRN-9721","P203","","68","0","68"
"OL-1774","TRN-9722","P201","1","70","0","70"
" OL-1775 ","TRN-9722","#N/A","2","55","0","110"
"#N/A","TRN-9722","C303","2","60","",""
"OL-1777","TRN-9723","P201","1","70","0","70"
"OL-1778","TRN-9723"," C304 ","3","58","0","174"
" OL-1779 ","TRN-9724","C301","1","","0","55"
"OL-1780","TRN-9724","C301","1","55","0","55"
"OL-1781","TRN-9724","","3","58","0","174"
"OL-1782","","P201","3","70","0","210"
" OL-1783 ","TRN-9725","P202","2","65","0","130"
"OL-1784","TRN-9725","P103","","95","0","95"
"OL-1785","","P101","1","85","0.15","72.25"
" OL-1786 "," TRN-9727 ","C304","1","58","0.05","55.1"
" OL-1787 ","TRN-9727"," P102 ","1","80","",""
"OL-1787","TRN-9727","P102","1","80","0.05","76"
" OL-1789 ","TRN-9728","C301","3","55","0",""
"OL-1790"," TRN-9728 ","P101","3","85","0","255"
"OL-1791","TRN-9728","P201","2","70","","140"
" OL-1792 ","TRN-9729"," P202 ","2","65","0","130"
"OL-1793","TRN-9729","P202","3","65","","195"
"OL-1793","TRN-9729","P202","3","65","0","195"
"OL-1795","","P202","1","65","0",""
"OL-1796","TRN-9730","","2","95","","190"
"OL-1797","TRN-9731","C301","3","55","0","165"
"OL-1797","TRN-9731","C301","3","55","0","165"
"OL-1799","TRN-9732","P202","1","65","0.1","58.5"
"OL-1800","TRN-9732","P103","1","95","0.1","85.5"
"OL-1800","TRN-9732","P103","1","95","0.1","85.5"
"OL-1802","TRN-9733","C304","3","58","0","174"
"","TRN-9733","C303","2","60","0",""
"OL-1804","TRN-9733","P202","1","65","0","65"
"#N/A","TRN-9733","","1","68","0","68"
"OL-1806","TRN-9734","#N/A","1","85","0.15","72.25"
"OL-1806","TRN-9734","P101","1","85","0.15","72.25"
"OL-1807","TRN-9735","C303","3","60","0.1","162"
"OL-1809","","P103","1","95","0.1","85.5"
"OL-1810","TRN-9735","P101","1","85","0.1","76.5"
"OL-1811","TRN-9736","P203","2","68","0.1","122.4"
"OL-1812","TRN-9736","C302","1","50","","45"
"","TRN-9736","P202","3","65","0.1","175.5"
"OL-1814"," TRN-9737 ","P103","1","95","0","95"
" OL-1815 "," TRN-9738 ","#N/A","3","60","0.05","171"
" OL-1816 ","TRN-9738","","","","0.05","270.75"
"OL-1817","","C302","2","50","0.05","95"
"OL-1818"," TRN-9739 ","P203","1","68","","57.8"
"OL-1819","TRN-9739","P101","2","85","0.15","144.5"
"","TRN-9739","P102","2","80","0.15","136"
"OL-1821","","C304","3","58","0.15","147.9"
"OL-1822","TRN-9740"," C303 ","3","60","","180"
"OL-1823","TRN-9740","C301","2","55","0","110"
"OL-1824"," TRN-9741 ","C303","3","60","0","180"
"OL-1825","TRN-9741","C301","3","55","0","165"
"OL-1826","TRN-9741","C304","1","58","0","58"
"OL-1827","TRN-9742","P103","1","95","0","95"
"OL-1828","TRN-9742","P103","2","95","0","190"
"OL-1828","TRN-9742","P103","2","95","0","190"
"OL-1830"," TRN-9743 ","#N/A","3","58","0","174"
"OL-1830","TRN-9743","C304","3","58","0","174"
"OL-1832","TRN-9743","C301","1","55","0","55"
"OL-1833","TRN-9743","C302","2","50","0","100"
"OL-1834","","P202","2","65","0","130"
"OL-1835","TRN-9744","C303","1","60","0","60"
"","TRN-9744","P103","2","95","0","190"
"OL-1837",""," P103 ","","95","0","95"
"OL-1838","TRN-9745","","1","68","0","68"
"OL-1838","TRN-9745","P203","1","68","0","68"
"OL-1840","TRN-9745","P202","1","65","0","65"
"OL-1841","TRN-9746","P102","3","80","0","240"
"OL-1842","TRN-9746","C304","2","58","0","116"
"OL-1842","TRN-9746","C304","2","58","0","116"
"OL-1844","TRN-9746","P101","1","85","0","85"
"OL-1844","TRN-9746","P101","1","85","0","85"
"OL-1845","TRN-9747","C303","3","60","0","180"
"OL-1847","TRN-9748","P103","3","95","0","285"
"OL-1848","TRN-9749","P202","2","65","0","130"
"OL-1849","TRN-9749","P203","3","68","0","204"
"OL-1849","TRN-9749","P203","3","68","0","204"
"OL-1850","TRN-9750","P101","3","85","0","255"
"OL-1852","TRN-9750","P103","","","0","95"
"OL-1853","TRN-9750","P101","3","85","0","255"
" OL-1854 ","TRN-9751","P202","3","","0","195"
"OL-1855"," TRN-9751 ","","3","95","0","285"
"OL-1856","TRN-9751","C303","1","","0","60"
" OL-1857 ","TRN-9752","P102","1","80","0","80"
"#N/A","TRN-9752","C304","3","58","0","174"
" OL-1859 ","TRN-9752","P101","2","85","0","170"
"OL-1860","TRN-9753"," C302 ","1","50","0.1","45"
"OL-1861","TRN-9753"," P202 ","2","65","0.1","117"
" OL-1862 "," TRN-9753 ","P102","3","80","0.1","216"
"OL-1863","TRN-9754"," C301 ","3","55","","165"
"OL-1864","TRN-9754","C304","1","58","0","58"
"OL-1865","TRN-9754","P101","3","85","0","255"
"OL-1866","TRN-9755"," P201 ","3","70","0.15",""
"#N/A","TRN-9756"," P201 ","2","70","0","140"
"OL-1868","TRN-9756"," P202 ","1","65","0","65"
"OL-1869","TRN-9756","P101","","85","0",""
"OL-1869","TRN-9756","P101","3","85","0","255"
"OL-1871","TRN-9757","C303","1","60","0.15","51"
"OL-1872","TRN-9757","C304","1","58","0.15","49.3"
"OL-1873","TRN-9757"," C301 ","2","55","0.15","93.5"
"OL-1874","TRN-9758","P101","1","85","0.1","76.5"
"OL-1875","","P201","1","70","0.1","63"
"OL-1876","TRN-9758","P201","2","70","0.1","126"
"OL-1877","TRN-9759"," C302 ","1","","0",""
"OL-1878","TRN-9759","","2","55","0","110"
"OL-1879","TRN-9760","P101","3","85","0","255"
"OL-1880","TRN-9760","C301","2","55","0","110"
"OL-1881","TRN-9761","C301","1","55","0.1","49.5"
"OL-1882"," TRN-9761 ","P203","2","68","0.1","122.4"
"OL-1883","TRN-9762","C301","2","55","0","110"
"OL-1884","TRN-9762"," C301 ","2","55","0","110"
"OL-1885","TRN-9762","C304","2","","",""
"OL-1886","TRN-9763","P203","2","68","0.05","129.2"
"OL-1887","TRN-9764","","3","85","0","255"
"OL-1888","TRN-9765","P101","2","85","0","170"
"OL-1889","","P203","2","68","0","136"
"","TRN-9766","C303","","60","0","120"
"OL-1890","TRN-9766","C303","2","60","0","120"
"OL-1892","TRN-9767","P201","1","70","0","70"
"#N/A","TRN-9767","C303","","60","0","120"
"OL-1894"," TRN-9767 ","P202","","65","0","130"
"","TRN-9767","P101","1","85","0","85"
"OL-1896","TRN-9768","#N/A","1","60","0","60"
"OL-1897","TRN-9768"," P101 ","1","85","0","85"
"OL-1898","","P103","3","95","0","285"
"OL-1899"," TRN-9769 ","P201","1","70","0","70"
"OL-1900","TRN-9769","P202","1","65","0","65"
"","TRN-9769","P103","2","95","0","190"
"OL-1902","TRN-9769"," P202 ","","65","0","130"
"OL-1903","TRN-9770","C303","1","60","0",""
"OL-1904","TRN-9770"," P103 ","2","","","190"
"OL-1905","TRN-9770"," C301 ","3","55","0","165"
"OL-1906","TRN-9771","C302","3","50","0.05",""
"","TRN-9771"," P102 ","3","80","0.05",""
"OL-1907","TRN-9771","P102","3","80","0.05","228"
"OL-1909","TRN-9772","","3","","0","195"
"OL-1910","","","","","0","174"
"OL-1911","TRN-9772","P102","1","80","0","80"
" OL-1912 ","","P203","2","68","0",""
"OL-1912","TRN-9773","P203","2","68","0","136"
"OL-1914","TRN-9773"," P102 ","","80","","240"
"OL-1915","TRN-9774","P202","1","65","","58.5"
"","TRN-9774","P201","2","70","0.1","126"
" OL-1917 ","TRN-9774","","2","85","0.1",""
"#N/A","TRN-9774","P103","2","95","0.1","171"
"OL-1919","TRN-9775","P101","2","85","0.05","161.5"
"OL-1919","TRN-9775","P101","2","85","0.05","161.5"
"#N/A","TRN-9775","C303","1","","0.05","57"
"OL-1922","TRN-9776","P201","3","","0","210"
"","TRN-9776","P201","","70","","140"
"OL-1924"," TRN-9776 ","C301","1","55","0","55"
"OL-1925","TRN-9777","P201","1","70","","70"
" OL-1926 ","TRN-9777","C303","2","60","0","120"
"OL-1927","TRN-9777","P102","1","","0","80"
"OL-1927","TRN-9777","P102","1","80","0","80"
"#N/A","TRN-9778","C303","2","60","0",""
"","TRN-9778","P103","","95","0","285"
"OL-1931"," TRN-9778 ","P201","1","70","","70"
"OL-1932","","C304","","58","0","58"
"OL-1933","TRN-9779","P201","3","70","0","210"
"OL-1934","#N/A","","2","60","0","120"
"OL-1934","TRN-9779","C303","2","60","0","120"
"OL-1936","TRN-9780"," P102 ","","","0","160"
""," TRN-9781 ","P202","1","65","0","65"
"OL-1937","TRN-9781","P202","1","65","0","65"
" OL-1939 ","TRN-9781","C302","1","50","0","50"
"OL-1939","TRN-9781","C302","1","50","0","50"
" OL-1941 ","TRN-9782","P201","1","70","","70"
"OL-1942","TRN-9782","P101","1","85","0","85"
"OL-1943","TRN-9782","P101","","85","0","85"
"OL-1943","TRN-9782","P101","1","85","0","85"
"OL-1945"," TRN-9783 ","","3","80","0","240"
"OL-1946","TRN-9783","C303","","","0","60"
"OL-1946","TRN-9783","C303","1","60","0","60"
"OL-1948","TRN-9784","P201","3","70","0.05","199.5"
"OL-1949","TRN-9785"," P103 ","1","95","","95"
"OL-1950","TRN-9785","C304","1","58","0","58"
"OL-1950","TRN-9785","C304","1","58","0","58"
"OL-1952","TRN-9786","C301","3","55","0","165"
"OL-1953","TRN-9786","","1","50","0","50"
" OL-1954 ","TRN-9787","C302","1","","","42.5"
"OL-1955","TRN-9787","P201","3","70","0.15",""
"OL-1956","TRN-9787","P103","3","95","","242.25"
"OL-1957","","C302","2","50","0.1","90"
"","TRN-9789"," P203 ","2","68","0","136"
"","TRN-9790","P103","1","95","0","95"
"OL-1960","TRN-9791","C302","1","50","0","50"
"OL-1961","","P101","1","","0","85"
"OL-1962","TRN-9791","P202","2","65","0","130"
"OL-1963","TRN-9791","P103","2","95","","190"
"OL-1963","TRN-9791","P103","2","95","0","190"
"OL-1965","TRN-9792","P103","1","95","0.05","90.25"
"OL-1966","TRN-9793","#N/A","2","70","0","140"
" OL-1967 ","TRN-9793","P202","1","65","0","65"
"OL-1968","TRN-9793","C303","1","60","0","60"
"OL-1969","TRN-9793","P103","1","95","0",""
"OL-1969","TRN-9793","P103","1","95","0","95"
"OL-1971","TRN-9794"," P202 ","3","65","0.15","165.75"
"OL-1972","TRN-9794","C302","1","50","0.15","42.5"
"OL-1973","TRN-9794"," P102 ","3","80","0.15","204"
"OL-1974","TRN-9795","","2","85","0","170"
"OL-1975","TRN-9795","P202","3","65","0","195"
"OL-1975","TRN-9795","P202","3","65","0","195"
"","TRN-9795","C303","3","60","0","180"
"OL-1978","TRN-9796","P202","3","65","0.1","175.5"
"OL-1979","","C302","","50","0.1",""
"OL-1980","TRN-9796","P103","2","95","0.1","171"
"OL-1981","TRN-9797","C304","1","58","0","58"
"OL-1982","TRN-9797","P102","1","80","","80"
"","TRN-9797","C304","1","58","0","58"
"OL-1984","TRN-9797","C303","2","","0","120"
"OL-1985","TRN-9798"," P103 ","3","95","0.1","256.5"
"OL-1986"," TRN-9798 ","P102","1","80","0.1","72"
"OL-1987"," TRN-9799 ","C303","2","60","0","120"
"OL-1988","TRN-9800"," P202 ","3","65","0.15","165.75"
"OL-1989","","C304","3","58","0.15","147.9"
"OL-1990","TRN-9800","C301","1","55","0.15","46.75"
"","TRN-9801","C302","3","50","0","150"
"OL-1991","TRN-9801","C302","3","50","0","150"
"OL-1993"," TRN-9802 ","","2","65","0.05","123.5"
"OL-1994","TRN-9802","P103","3","","0.05","270.75"
" OL-1995 ","TRN-9803","P102","2","80","0",""
" OL-1996 ","TRN-9803","P202","2","65","0","130"
"","TRN-9803"," P101 ","3","85","0","255"
"OL-1997","TRN-9803","P101","3","85","0","255"
"OL-1998","TRN-9804","P103","1","95","0.05","90.25"
"OL-2000","TRN-9804","","2","68","0.05","129.2"
"","TRN-9805","P202","2","65","0.1","117"
"OL-2001","TRN-9805","P202","2","65","0.1","117"
"OL-2003","#N/A","P203","1","68","0","68"
"OL-2004"," TRN-9806 ","#N/A","1","85","0",""
"OL-2005","TRN-9807","C303","3","60","","180"
"OL-2006","TRN-9807","P203","2","68","0","136"
"OL-2006","TRN-9807","P203","2","68","0","136"
"OL-2008","TRN-9809","P202","1","65","","65"
"OL-2008","TRN-9809","P202","1","65","0","65"
"OL-2010","TRN-9809","","1","55","0","55"
"OL-2011","TRN-9809","C302","1","50","0","50"
"OL-2011","TRN-9809","C302","1","50","0","50"
"","TRN-9810"," C304 ","","58","0",""
"OL-2014","TRN-9810","","2","60","0","120"
"OL-2015","TRN-9811","C301","3","55","0.15","140.25"
"OL-2016","TRN-9811"," P202 ","1","","","55.25"
"OL-2017","","P103","1","95","0.15","80.75"
"OL-2018","","C303","3","60","",""
"OL-2019","TRN-9813"," C303 ","3","60","0.1","162"
" OL-2020 ","TRN-9813","C303","3","60","0.1","162"
"OL-2020","TRN-9813","C303","3","60","0.1","162"
" OL-2022 ","TRN-9813","P201","","70","0.1","126"
"OL-2022","TRN-9813","P201","2","70","0.1","126"
"OL-2024","TRN-9814","P101","1","85","0","85"
" OL-2025 ","TRN-9814","P103","2","","0","190"
" OL-2026 ","TRN-9814"," P103 ","1","95","0","95"
"OL-2027","","","3","85","0","255"
"","","P201","2","70","0","140"
"OL-2029","TRN-9815","P101","1","","0","85"
"OL-2030","TRN-9815"," C301 ","2","55","0","110"
" OL-2031 ","TRN-9816","P202","2","65","0","130"
"OL-2032","TRN-9817","P101","","","0.15","144.5"
"OL-2033","TRN-9818","P203","1","68","0.15","57.8"
" OL-2034 "," TRN-9819 ","P103","2","95","0","190"
"OL-2035","TRN-9819"," P101 ","2","85","0","170"
" OL-2036 ","TRN-9820","P203","1","68","0","68"
"OL-2037","TRN-9820","P202","3","65","0","195"
"OL-2038","TRN-9821","P202","2","65","0.05","123.5"
"OL-2039"," TRN-9821 ","","1","80","0.05","76"
"OL-2040","TRN-9821","C301","","55","0.05","104.5"
"OL-2041","TRN-9822","C304","3","58","0","174"
"OL-2042","TRN-9822","P202","3","65","0","195"
"OL-2043"," TRN-9823 ","","2","55","","99"
" OL-2044 ","TRN-9823","P101","1","85","0.1","76.5"
"OL-2045","TRN-9823","P202","3","65","0.1","175.5"
"OL-2046","TRN-9824","C303","","","0","60"
"OL-2047","TRN-9824","C303","3","60","0","180"
"OL-2048","TRN-9825","P101","1","85","0","85"
"OL-2048","TRN-9825","P101","1","85","0","85"
"OL-2050"," TRN-9825 ","C302","2","50","0","100"
"#N/A","TRN-9826","P201","1","","0","70"
"OL-2051","TRN-9826","P201","1","70","0","70"
"OL-2053","TRN-9826","P103","","95","0","95"
"OL-2053","TRN-9826","P103","1","95","0","95"
"OL-2055","TRN-9827","P202","1","65","0","65"
"","TRN-9827","P201","3","70","0","210"
"OL-2057"," TRN-9827 ","C304","1","58","0","58"
"OL-2057","TRN-9827","C304","1","58","0","58"
"OL-2059","TRN-9829","","","85","0.15","144.5"
"","TRN-9829","P103","3","95","0.15","242.25"
"OL-2061"," TRN-9829 ","P103","1","95","0.15","80.75"
"OL-2062","TRN-9829"," P101 ","3","","","216.75"
"OL-2063","TRN-9830","P103","3","95","0","285"
"OL-2064","TRN-9830","P202","3","65","0","195"
"OL-2064","TRN-9830","P202","3","65","0","195"
"OL-2066","TRN-9832"," P103 ","1","95","0","95"
"OL-2067","TRN-9832","P203","2","68","0",""
" OL-2068 ","TRN-9833"," P201 ","3","70","0","210"
" OL-2069 ","TRN-9834"," P102 ","3","80","0","240"
"OL-2070","TRN-9835","P103","3","","0","285"
" OL-2071 ","TRN-9835","P103","3","","0","285"
"OL-2072","TRN-9835","","3","95","","285"
"OL-2073","TRN-9835"," P103 ","3","95","0","285"
"OL-2074","TRN-9836"," C303 ","2","60","0","120"
"OL-2074","TRN-9836","C303","2","60","0","120"
"OL-2076","TRN-9837","P101","3","85","0","255"
"OL-2076","TRN-9837","P101","3","85","0","255"
"OL-2078","TRN-9837","P202","2","65","","130"
""," TRN-9837 ","P202","2","65","0","130"
"OL-2080","TRN-9838","C301","2","55","0","110"
"OL-2081","TRN-9838","C303","1","60","0","60"
"","TRN-9839","P102","1","80","0.15","68"
"OL-2083","#N/A"," C301 ","1","55","0","55"
"OL-2084","TRN-9840","C304","1","58","0","58"
"","TRN-9840","P101","1","85","0","85"
"OL-2086","TRN-9841"," P201 ","1","70","0","70"
"OL-2087","TRN-9842","C302","3","50","0.1","135"
"#N/A"," TRN-9842 "," C302 ","3","50","0.1","135"
"OL-2089","TRN-9842"," P201 ","3","70","0.1","189"
"OL-2089","TRN-9842","P201","3","70","0.1","189"
"OL-2090","TRN-9843","C302","1","50","0","50"
"OL-2092","TRN-9844","P201","2","70","0","140"
"OL-2093","TRN-9845","C302","3","50","0","150"
"OL-2093","TRN-9845","C302","3","50","0","150"
"OL-2095","TRN-9845"," P101 ","3","85","0","255"
"OL-2096","TRN-9846","P202","2","65","0","130"
"OL-2097","TRN-9846","C304","3","58","0","174"
"OL-2098","TRN-9846","C302","2","50","0","100"
"OL-2099","TRN-9847","C303","1","60","0","60"
"OL-2100","TRN-9848","P203","3","68","0.1","183.6"
"","TRN-9848","P202","3","65","","175.5"
"OL-2102","#N/A","P103","3","95","0.1","256.5"
"OL-2103","TRN-9848","C304","","58","0.1","52.2"
"OL-2103","TRN-9848","C304","1","58","0.1","52.2"
"OL-2104","TRN-9849","C304","2","58","0.05","110.2"
"OL-2106"," TRN-9851 ","C304","1","58","0.1","52.2"
"OL-2107","","P202","2","65","0","130"
"OL-2108","TRN-9853","P201","2","70","0.05","133"
"OL-2109","TRN-9853","","2","80","","152"
"OL-2110","TRN-9853","P103","3","95","0.05","270.75"
"OL-2111","TRN-9853","C304","3","58","0.05",""
" OL-2112 "," TRN-9854 "," C302 ","2","50","0.15","85"
" OL-2113 ","TRN-9855","P202","1","65","0","65"
"OL-2113","TRN-9855","P202","1","65","0","65"
""," TRN-9856 ","C301","2","55","0","110"
"OL-2116"," TRN-9856 ","P202","","65","0",""
"OL-2117","TRN-9856","C302","2","50","0","100"
"OL-2117","TRN-9856","C302","2","50","0","100"
"OL-2119","TRN-9858","P103","","95","0","190"
"OL-2120"," TRN-9858 ","P202","3","65","0","195"
"OL-2121","TRN-9858","C303","2","60","0","120"
" OL-2122 ","TRN-9858","P203","2","68","0","136"
"OL-2123","TRN-9859","P203","3","68","0","204"
"OL-2124","TRN-9859","P101","3","85","0","255"
"OL-2125","TRN-9859","C304","1","58","0","58"
"OL-2125","TRN-9859","C304","1","58","0","58"
"OL-2127","TRN-9861"," P201 ","3","70","0","210"
"OL-2128","TRN-9861","P202","2","","0","130"
"OL-2129"," TRN-9861 ","P102","1","80","0","80"
"OL-2130",""," C302 ","","50","","127.5"
"OL-2130","TRN-9862","C302","3","50","0.15","127.5"
"OL-2132","TRN-9862","C303","3","60","0.15","153"
"OL-2133","TRN-9862","P203","2","68","0.15","115.6"
"OL-2133","TRN-9862","P203","2","68","0.15","115.6"
"","TRN-9864","P203","3","68","0.15","173.4"
"OL-2136","TRN-9865","P102","3","80","0","240"
"OL-2137"," TRN-9865 ","C301","2","55","0","110"
"OL-2138"," TRN-9865 ","C302","2","50","0","100"
"OL-2139"," TRN-9866 ","C301","3","55","0","165"
"OL-2140",""," P103 ","1","95","0","95"
"OL-2140","TRN-9866","P103","1","95","0","95"
"OL-2142","TRN-9867","","3","55","0","165"
"OL-2143","TRN-9867","C301","1","55","0","55"
"OL-2144"," TRN-9867 ","C302","","50","0","100"
"OL-2145"," TRN-9868 ","P102","","80","0","80"
"OL-2145","TRN-9868","P102","1","80","0","80"
" OL-2147 ","TRN-9869","P103","3","","0",""
"OL-2148",""," C303 ","1","60","0","60"
" OL-2149 ","TRN-9870","C303","3","60","0","180"
"OL-2150"," TRN-9870 ","P101","2","85","0","170"
"OL-2151","TRN-9870","C303","1","60","","60"
"OL-2152","TRN-9870","P102","3","80","0",""
"OL-2152","TRN-9870","P102","3","80","0","240"
"OL-2154","TRN-9872"," P203 ","2","68","0","136"
"OL-2154","TRN-9872","P203","2","68","0","136"
"OL-2156"," TRN-9872 ","C304","1","58","","58"
"OL-2157"," TRN-9873 ","P203","2","68","0.15","115.6"
"OL-2158","TRN-9874","P102","1","80","0","80"
"OL-2159","TRN-9874","C304","1","58","0","58"
"OL-2160","TRN-9874","P103","3","95","0","285"
"OL-2161","TRN-9875","P101","1","85","0","85"
"","TRN-9875","","1","80","0","80"
"OL-2163","TRN-9876","P103","3","95","0",""
"OL-2164","TRN-9876","#N/A","3","68","",""
"OL-2164","TRN-9876","P203","3","68","0","204"
"OL-2166","TRN-9877","P201","3","70","0","210"
"OL-2167","TRN-9878","P103","3","95","0","285"
"","TRN-9878","P103","2","95","0","190"
"OL-2169","TRN-9878","C301","2","55","0","110"
"","TRN-9878","P202","1","65","0","65"
"OL-2171","","#N/A","2","68","0.15","115.6"
"OL-2172","TRN-9879","P203","1","68","0.15","57.8"
"OL-2173"," TRN-9880 ","P101","1","85","0.05","80.75"
"OL-2174","TRN-9880","P102","3","80","0.05","228"
"OL-2175","","P101","2","","0.05","161.5"
"OL-2176","TRN-9881","P102","2","80","0","160"
"OL-2177","","C303","2","60","0","120"
"OL-2177","TRN-9881","C303","2","60","0","120"
"OL-2179"," TRN-9882 "," C303 ","","60","0","120"
"","TRN-9883","P201","1","70","0.15","59.5"
"OL-2181","TRN-9884","P102","1","80","0.1","72"
"OL-2182","TRN-9884","","2","65","0.1","117"
" OL-2183 ","TRN-9884","C303","1","60","0.1","54"
"OL-2184","TRN-9884","P201","","70","0.1","126"
"OL-2185","TRN-9885","P102","1","80","0","80"
"","TRN-9885","","1","68","0","68"
"OL-2187","TRN-9885","P202","2","65","0","130"
"OL-2188","","P101","1","","0.05","80.75"
"OL-2189","TRN-9886","P202","1","65","0.05",""
"#N/A","TRN-9886","C302","1","50","0.05","47.5"
" OL-2191 ","TRN-9886","C304","","58","0.05","165.3"
"OL-2192","TRN-9887","P202","3","65","0","195"
" OL-2193 ","","P201","1","70","0.05","66.5"
"OL-2193","TRN-9888","P201","1","70","0.05","66.5"
"OL-2195"," TRN-9888 "," P101 ","2","85","0.05","161.5"
"OL-2196","TRN-9889","P102","2","80","0","160"
"OL-2196","TRN-9889","P102","2","80","0","160"
"OL-2198","TRN-9890","C304","1","","0","58"
"OL-2199","TRN-9890","P103","1","95","0","95"
"OL-2200","TRN-9890","","1","65","0","65"
"OL-2200","TRN-9890","P202","1","65","0","65"
"OL-2202","TRN-9891","C304","1","58","0","58"
"OL-2203","TRN-9891","","","58","","116"
" OL-2204 ","TRN-9891","","1","50","0","50"
"OL-2205","TRN-9892","P103","1","95","","90.25"
"OL-2206","TRN-9892","C301","1","55","0.05","52.25"
" OL-2207 ","TRN-9892","P202","3","65","0.05","185.25"
"OL-2208","TRN-9892","C301","1","55","0.05","52.25"
"OL-2209","TRN-9893","C303","2","60","0","120"
"OL-2210","TRN-9894","P202","2","65","0","130"
"OL-2210","TRN-9894","P202","2","65","0","130"
"OL-2212","TRN-9894","P202","2","65","0","130"
"OL-2213","TRN-9895","C301","2","55","0","110"
"OL-2213","TRN-9895","C301","2","55","0","110"
"OL-2215","TRN-9896","C301","","55","0","110"
"OL-2215","TRN-9896","C301","2","55","0","110"
"OL-2217","TRN-9896"," P101 ","2","85","0","170"
" OL-2218 ","TRN-9897"," P103 ","2","95","","190"
"OL-2219"," TRN-9897 ","P103","2","95","0","190"
"OL-2220","","C303","2","60","0","120"
"OL-2220","TRN-9898","C303","2","60","0","120"
"OL-2222"," TRN-9898 "," P103 ","","","0","190"
"OL-2223","TRN-9899"," P202 ","3","65","0","195"
"","TRN-9900","P103","2","95","0.15","161.5"
"OL-2225","TRN-9900","C303","2","60","0.15","102"
"OL-2225","TRN-9900","C303","2","60","0.15","102"
"OL-2227","TRN-9901","C303","2","60","0","120"
"","TRN-9902","P103","2","95","0","190"
"","TRN-9903","","1","95","0",""
"OL-2230","TRN-9903","","3","58","0","174"
"OL-2231","TRN-9904","","2","50","","100"
"OL-2232","TRN-9904","P202","2","65","0","130"
"OL-2233","TRN-9904","#N/A","2","","0","136"
"OL-2234","TRN-9904","C302","1","50","","50"
"OL-2235","TRN-9905","P201","","70","0","70"
"OL-2236","","C303","1","60","","60"
"OL-2236","TRN-9905","C303","1","60","0","60"
" OL-2238 ","TRN-9907","C302","3","","0","150"
"OL-2239"," TRN-9907 ","C303","2","60","",""
"OL-2240","TRN-9908","#N/A","2","50","0","100"
"OL-2240","TRN-9908","C302","2","50","0","100"
"OL-2242"," TRN-9908 ","C301","3","55","0","165"
"OL-2243","TRN-9909","P201","2","70","0","140"
"#N/A","TRN-9909","C301","2","55","0","110"
"OL-2244","TRN-9909","C301","2","55","0","110"
"","TRN-9910","P101","2","85","0.1","153"
"OL-2247"," TRN-9911 ","P103","1","95","0","95"
"OL-2248","TRN-9911","C302","3","50","0","150"
"OL-2249","TRN-9912","P103","1","95","0","95"
"","TRN-9912"," P202 ","1","65","0","65"
"","","C301","2","55","0","110"
"OL-2252","TRN-9912","#N/A","3","65","0","195"
"OL-2253","TRN-9913","P201","","70","0.05","66.5"
"OL-2254","TRN-9913","P102","3","80","0.05","228"
"OL-2255","TRN-9914","P101","3","85","","255"
"OL-2256","TRN-9914","#N/A","2","65","0","130"
"#N/A","TRN-9915","P202","1","65","0","65"
" OL-2258 "," TRN-9915 ","P102","","80","0","160"
"OL-2259",""," P103 ","2","95","0","190"
"","TRN-9915","C303","1","","0","60"
"OL-2261","TRN-9916"," P102 ","1","80","0.05","76"
""," TRN-9916 "," P203 ","3","68","0.05","193.8"
" OL-2263 ","","C304","1","58","0","58"
" OL-2264 ","TRN-9917","C301","1","55","0","55"
"OL-2265","TRN-9918"," C303 ","3","","0","180"
"OL-2265","TRN-9918","C303","3","60","0","180"
"#N/A","TRN-9918","","","95","0","190"
" OL-2268 ","TRN-9919","P102","3","80","0","240"
"OL-2269","TRN-9919","C304","1","58","0","58"
"OL-2270","TRN-9919","C302","2","50","0","100"
"OL-2271","TRN-9920","P103","2","95","0.1","171"
"OL-2272","TRN-9921","P101","1","85","0","85"
"OL-2273"," TRN-9921 ","P201","3","70","0","210"
"OL-2273","TRN-9921","P201","3","70","0","210"
"OL-2275","TRN-9921","P101","3","85","0","255"
" OL-2276 ","TRN-9922","#N/A","3","","0","204"
"","TRN-9922","P101","3","85","0","255"
"OL-2278","TRN-9922","C304","2","58","","116"
"OL-2279","TRN-9922","P101","","85","0","255"
" OL-2280 ","TRN-9923","#N/A","3","","0","195"
"OL-2281","TRN-9924","P103","2","95","0","190"
"OL-2282","TRN-9924","C304","2","58","0","116"
"OL-2283","TRN-9925","P201","2","70","0.05","133"
"OL-2284","","P203","3","68","","193.8"
"OL-2285","TRN-9926","P202","2","65","0","130"
"OL-2286","TRN-9926","P102","2","80","",""
"OL-2287","TRN-9927"," C303 ","1","60","0","60"
"OL-2288"," TRN-9927 "," P203 ","2","68","0","136"
"OL-2288","TRN-9927","P203","2","68","0","136"
"OL-2290","TRN-9928"," C302 ","3","50","0.1","135"
"OL-2291","TRN-9928"," P202 ","1","65","0.1","58.5"
"#N/A"," TRN-9929 ","","2","50","0","100"
"OL-2292","TRN-9929","C302","2","50","0","100"
"OL-2294"," TRN-9929 ","C303","2","60","0","120"
"OL-2295","","P202","1","","0","65"
"OL-2296","TRN-9930"," P103 ","2","","0","190"
"","TRN-9931","C303","1","60","0","60"
"OL-2298","TRN-9931"," C302 ","1","","0","50"
"OL-2299","TRN-9932","P102","1","","0.05","76"
"OL-2300","TRN-9932","","3","80","0.05","228"
" OL-2301 ","TRN-9932"," P102 ","2","","0.05",""
"OL-2302","TRN-9932","P202","","65","","61.75"
"OL-2303","TRN-9933","","3","70","0.15","178.5"
" OL-2304 ","TRN-9934","C304","","58","0","116"
"OL-2304","TRN-9934","C304","2","58","0","116"
"OL-2306","TRN-9935","P101","2","85","0.15","144.5"
"","TRN-9935","C301","1","55","0.15",""
"OL-2307","TRN-9935","C301","1","55","0.15","46.75"
"OL-2309","TRN-9936","C301","1","55","0","55"
" OL-2310 ","TRN-9936","P201","1","70","0","70"
"OL-2310","TRN-9936","P201","1","70","0","70"
"OL-2311","TRN-9937","P201","1","70","0","70"
"OL-2313","#N/A","C303","2","60","0","120"
" OL-2314 ","TRN-9939","C302","3","50","0.05","142.5"
" OL-2315 ","TRN-9939"," P101 ","2","85","0.05",""
"OL-2316","TRN-9940","P202","3","65","0","195"
"OL-2317","TRN-9940","P103","3","95","0","285"
"OL-2318","TRN-9941","#N/A","","80","0.1",""
"OL-2319","TRN-9941","C304","3","","0.1","156.6"
"OL-2320","TRN-9941","C302","","50","0.1","135"
"OL-2321","TRN-9941","C303","2","60","","108"
" OL-2322 ","TRN-9942","P202","3","","0","195"
"OL-2322","TRN-9942","P202","3","65","0","195"
"OL-2323","TRN-9942","P202","2","65","0","130"
" OL-2325 "," TRN-9943 ","P203","1","68","0","68"
"OL-2326","TRN-9943","P103","2","95","0","190"
"OL-2327"," TRN-9943 ","P201","2","70","","140"
"OL-2328"," TRN-9944 ","P202","1","65","","58.5"
" OL-2329 ","TRN-9944","P201","3","70","0.1","189"
"OL-2330","#N/A"," P103 ","1","95","0.1","85.5"
"OL-2331"," TRN-9945 ","","1","65","0.15","55.25"
"OL-2332"," TRN-9946 ","C303","2","","0","120"
"OL-2333","TRN-9946","C301","1","55","0","55"
"OL-2334","TRN-9946","P203","1","68","0","68"
"OL-2335"," TRN-9946 ","P203","3","68","0","204"
"","TRN-9947","","2","58","0","116"
"OL-2337","TRN-9947","P203","3","68","0","204"
"OL-2338","TRN-9948","","1","","0","65"
"","TRN-9948","C304","2","58","0","116"
" OL-2340 ","","C304","1","58","0","58"
" OL-2341 ","TRN-9949","C304","2","58","","116"
"OL-2342","TRN-9950","","2","65","0","130"
"","TRN-9950","C304","2","58","0","116"
" OL-2344 ","TRN-9951","P103","","95","0","95"
"","","P201","3","70","0","210"
"","","C302","1","","0","50"
"OL-2346","TRN-9952","C302","1","50","0","50"
"OL-2347","TRN-9953","P202","3","65","0.15","165.75"
"OL-2348","TRN-9953","C301","2","55","0.15","93.5"
"OL-2350","TRN-9954","P103","2","95","0","190"
"#N/A"," TRN-9955 ","P201","3","70","0.15","178.5"
"OL-2352","TRN-9955"," C301 ","1","55","0.15","46.75"
"OL-2353","","C303","","60","0.15","51"
"OL-2353","TRN-9955","C303","1","60","0.15","51"
"OL-2355","TRN-9956","C302","3","50","0","150"
"OL-2356","TRN-9957","C301","3","55","0","165"
"OL-2356","TRN-9957","C301","3","55","0","165"
"OL-2358","TRN-9957","C301","2","55","0",""
" OL-2359 ","TRN-9958"," P203 ","1","68","0.1","61.2"
" OL-2360 ","TRN-9958","C304","2","58","","104.4"
"OL-2361","TRN-9959","P103","3","95","0","285"
"OL-2362","TRN-9959","P101","1","85","0","85"
"OL-2362","TRN-9959","P101","1","85","0","85"
" OL-2364 "," TRN-9960 "," P102 ","1","80","","80"
"OL-2365","TRN-9960","C304","1","58","0",""
" OL-2366 ","TRN-9960"," P101 ","2","85","0","170"
" OL-2367 ","#N/A","C301","1","55","0","55"
"OL-2368","TRN-9961","C304","3","58","","174"
"OL-2369","TRN-9961"," P101 ","1","85","0","85"
" OL-2370 "," TRN-9962 ","C302","3","50","0","150"
"OL-2370","TRN-9962","C302","3","50","0","150"
" OL-2372 ","TRN-9964","P101","1","85","0","85"
"OL-2373","TRN-9964","P203","3","68","0","204"
"OL-2373","TRN-9964","P203","3","68","0","204"
"OL-2375","TRN-9965","P202","","65","0.05","185.25"
"","TRN-9965","P103","2","95","0.05","180.5"
"OL-2377"," TRN-9965 ","P203","3","68","0.05",""
"OL-2377","TRN-9965","P203","3","68","0.05","193.8"
"OL-2379","","C301","3","55","0","165"
"OL-2379","TRN-9966","C301","3","55","0","165"
""," TRN-9967 ","","3","85","0","255"
"OL-2382","","P103","3","95","0","285"
"OL-2383","","P201","1","70","0",""
"","","P201","1","70","0","70"
" OL-2385 ","TRN-9968","C303","1","60","0",""
"OL-2385","TRN-9968","C303","1","60","0","60"
" OL-2387 ","TRN-9969","P202","2","65","0","130"
"OL-2388","TRN-9969"," P201 ","1","70","","70"
"OL-2389","","#N/A","1","65","0.05",""
"OL-2389","TRN-9970","P202","1","65","0.05","61.75"
"OL-2391","TRN-9970","P202","1","65","0.05","61.75"
"OL-2392","TRN-9971","P101","2","85","0.1","153"
"OL-2393","TRN-9972","P103","2","95","0","190"
"#N/A","TRN-9972","P101","1","85","0","85"
"OL-2394","TRN-9972","P101","1","85","0","85"
"OL-2395","TRN-9972","C301","2","55","0","110"
"OL-2397","TRN-9973","P201","2","70","0","140"
"OL-2397","TRN-9973","P201","2","70","0","140"
"OL-2399"," TRN-9973 ","P101","1","85","0","85"
"OL-2400","TRN-9974","C302","3","50","0","150"
"","TRN-9974","C302","1","50","0","50"
"OL-2402","TRN-9974","C302","2","50","","100"
"OL-2403"," TRN-9975 ","","1","65","0.15","55.25"
"OL-2403","TRN-9975","P202","1","65","0.15","55.25"
"OL-2405","","P202","3","65","0.15","165.75"
"OL-2406","TRN-9975","","3","55","0.15","140.25"
"OL-2407","TRN-9976","P102","1","80","","76"
" OL-2408 ","TRN-9976"," P203 ","1","68","0.05","64.6"
"OL-2409","TRN-9977","P103","3","95","0.15","242.25"
"","TRN-9977","P102","3","80","0.15","204"
"OL-2411","TRN-9977","P102","1","80","0.15","68"
"OL-2411","TRN-9977","P102","1","80","0.15","68"
"OL-2412","TRN-9977","C301","3","55","0.15","140.25"
" OL-2414 ","TRN-9978"," C304 ","3","58","0","174"
" OL-2415 ","TRN-9978"," C302 ","1","50","0","50"
"OL-2416","TRN-9979"," C301 ","1","55","0.15","46.75"
"OL-2416","TRN-9979","C301","1","55","0.15","46.75"
"OL-2418","TRN-9979","C303","1","60","0.15",""
"OL-2418","TRN-9979","C303","1","60","0.15","51"
"OL-2420","TRN-9980","C301","2","","0.15","93.5"
"#N/A"," TRN-9980 "," P101 ","2","85","0.15","144.5"
"OL-2422","TRN-9981","P101","2","85","0","170"
"OL-2423","TRN-9981","C304","2","","0","116"
"OL-2424","TRN-9982","C301","3","55","0","165"
"OL-2425","TRN-9982","C301","2","55","0","110"
"OL-2426","TRN-9982","P203","3","68","0","204"
"OL-2427","TRN-9982"," P203 ","1","68","0","68"
"OL-2427","TRN-9982","P203","1","68","0","68"
"OL-2428","TRN-9983","P102","1","80","0","80"
"OL-2430","TRN-9984","P102","2","80","0","160"
"OL-2431","TRN-9984","C302","1","50","0","50"
"OL-2432","#N/A","P202","1","","0","65"
"","TRN-9984","P202","","65","0","130"
"","TRN-9985","P103","1","95","0",""
"OL-2435","TRN-9985","P101","","85","0","255"
"OL-2436","TRN-9985","","1","55","0",""
"OL-2437","TRN-9986","","3","70","0","210"
"OL-2438","TRN-9986","P102","2","80","0","160"
"","TRN-9987","P203","2","68","0.05","129.2"
"OL-2440","TRN-9988","C301","1","55","0","55"
"OL-2441","TRN-9988","C304","3","58","0","174"
" OL-2442 ","TRN-9989","C301","2","55","",""
"OL-2443"," TRN-9989 "," C302 ","2","50","0","100"
"OL-2443","TRN-9989","C302","2","50","0","100"
" OL-2445 "," TRN-9990 ","P101","1","85","0","85"
"OL-2446","TRN-9991","C302","2","50","0","100"
"OL-2446","TRN-9991","C302","2","50","0","100"
"OL-2448","","C303","2","60","","120"
"OL-2448","TRN-9991","C303","2","60","0","120"
"OL-2450","TRN-9992"," P102 ","2","80","0.15","136"
" OL-2451 ","TRN-9993","C302","3","50","0","150"
"OL-2451","TRN-9993","C302","3","50","0","150"
"OL-2453","TRN-9994","#N/A","","70","0","210"
"OL-2454","TRN-9994","P203","1","","","68"
"OL-2454","TRN-9994","P203","1","68","0","68"
"OL-2456","","C301","3","55","0","165"
"OL-2457","TRN-9995","C303","1","60","0","60"
"OL-2458","TRN-9995","","3","55","0",""
"#N/A","TRN-9996","P103","3","","0","285"
"OL-2460"," TRN-9996 ","C304","1","58","0","58"
" OL-2461 "," TRN-9996 ","C301","2","55","0","110"
"OL-2462","TRN-9997"," P102 ","1","80","0","80"
"OL-2463","TRN-9997","C304","3","","0","174"
"OL-2464","#N/A","P203","2","68","0",""
"OL-2465","TRN-9997","P103","1","95","0","95"
"OL-2466"," TRN-9998 ","P102","3","80","0.05",""
"OL-2467","TRN-9998","P202","1","65","0.05","61.75"
"OL-2468","TRN-9998","P103","1","","0.05","90.25"
"OL-2468","TRN-9998","P103","1","95","0.05","90.25"
" OL-2470 "," TRN-9999 "," C303 ","2","60","0","120"
"OL-2470","TRN-9999","C303","2","60","0","120"
"OL-2472","TRN-9999","","1","60","0","60"
"OL-2472","TRN-9999","C303","1","60","0","60"
"OL-2474","TRN-10000","","1","95","0.1","85.5"
"OL-2475","","C301","1","55","0.1","49.5"
"OL-2476","TRN-10000","C302","3","50","0.1","135"
"OL-2477","TRN-10000","#N/A","3","50","0.1","135"
"","TRN-10001","P103","1","95","0",""
"OL-2478","TRN-10001","P103","1","95","0","95"
"OL-2480","TRN-10001","C302","3","50","0","150"
"OL-2481","TRN-10002","C303","3","60","0","180"
"OL-2482","TRN-10003","P201","2","70","0","140"
"OL-2483"," TRN-10003 ","C304","2","58","0","116"
"","TRN-10003","P101","2","85","0","170"
"OL-2485","TRN-10004","P102","3","80","0","240"
"OL-2486","TRN-10004","C304","3","58","0","174"
"OL-2487","TRN-10004","P102","1","80","0",""
"OL-2488","TRN-10004","P103","2","95","0",""
"OL-2489","TRN-10005","C302","2","50","0.1","90"
"OL-2490","TRN-10006"," C302 ","3","50","0","150"
"OL-2491","TRN-10006","P101","2","85","0","170"
" OL-2492 ","TRN-10006","P101","3","","0","255"
"OL-2493","TRN-10007","C303","3","","0","180"
"OL-2493","TRN-10007","C303","3","60","0","180"
"OL-2495","TRN-10007","P102","3","80","","240"
"OL-2495","TRN-10007","P102","3","80","0","240"
"OL-2497","TRN-10008","P202","2","65","0","130"
"OL-2498","TRN-10008","","1","60","0","60"
"OL-2499","TRN-10008","P103","2","95","0","190"
"OL-2500","TRN-10009","P203","1","68","","64.6"
"OL-2501","TRN-10009"," C303 ","3","60","0.05","171"
"OL-2501","TRN-10009","C303","3","60","0.05","171"
"OL-2503","TRN-10009"," C304 ","3","58","0.05","165.3"
"OL-2504","TRN-10010","P202","3","65","0","195"
"","TRN-10010","C303","1","60","0","60"
"OL-2505","TRN-10010","C303","1","60","0","60"
"OL-2507","#N/A","C303","2","60","0.05","114"
"OL-2508","TRN-10011","P101","3","","0.05",""
"OL-2509","TRN-10011","P203","1","68","0.05","64.6"
"OL-2510","","P202","1","65","0","65"
"OL-2511","TRN-10013","P203","3","68","0","204"
"OL-2512","TRN-10014"," P101 ","1","85","0","85"
"OL-2513","TRN-10014","P102","1","80","0",""
"OL-2514","TRN-10014","P203","1","","0","68"
"OL-2515","TRN-10015"," P103 ","2","95","","190"
"","TRN-10015"," P202 ","1","65","0","65"
"OL-2517","TRN-10015","C304","3","58","","174"
"OL-2518","TRN-10015","P102","1","80","0",""
"OL-2519","TRN-10016","P102","3","80","","228"
"OL-2519","TRN-10016","P102","3","80","0.05","228"
""," TRN-10017 ","P103","2","95","0","190"
"OL-2522","","P103","1","95","0.1","85.5"
"OL-2523","TRN-10018","P203","1","","","61.2"
"OL-2524","TRN-10018","P102","2","80","0.1","144"
"OL-2525","","C304","3","58","0.05","165.3"
""," TRN-10019 ","P201","2","70","0.05","133"
" OL-2527 ","TRN-10019","P101","2","85","0.05","161.5"
""," TRN-10019 ","C304","3","58","0.05","165.3"
"OL-2529","TRN-10020","C303","2","60","0.15","102"
"OL-2530","TRN-10021","C304","3","58","0.05","165.3"
"OL-2530","TRN-10021","C304","3","58","0.05","165.3"
"OL-2532"," TRN-10021 ","C304","3","58","0.05",""
"OL-2533","TRN-10022"," C302 ","3","50","0.15","127.5"
" OL-2534 ","TRN-10022","","1","95","0.15","80.75"
"OL-2535","TRN-10022","C301","","55","0.15","93.5"
"OL-2536","TRN-10022","P103","3","95","0.15",""
"OL-2537","TRN-10023"," C302 ","2","50","0.05","95"
" OL-2538 ","TRN-10023","P101","2","85","0.05","161.5"
"OL-2538","TRN-10023","P101","2","85","0.05","161.5"
"OL-2540","TRN-10023","","3","50","0.05","142.5"
" OL-2541 ","TRN-10024","P103","2","95","0","190"
"OL-2541","TRN-10024","P103","2","95","0","190"
"OL-2542","TRN-10024","P103","1","95","0","95"
"OL-2544","TRN-10025","C302","","50","0",""
"OL-2545"," TRN-10025 ","P103","1","95","0","95"
"OL-2546","TRN-10026","C302","1","50","0","50"
"OL-2547","TRN-10027","P103","1","95","0",""
"OL-2548","","C304","1","","0",""
"OL-2548","TRN-10027","C304","1","58","0","58"
"OL-2549","TRN-10027","P203","2","68","0","136"
"OL-2551","TRN-10028"," P203 ","2","","0","136"
"OL-2552"," TRN-10028 "," C304 ","2","58","0","116"
"OL-2553","TRN-10028","#N/A","2","70","0","140"
"OL-2554","","P101","1","85","0","85"
"OL-2554","TRN-10029","P101","1","85","0","85"
"OL-2556","TRN-10029","C303","2","60","0","120"
"OL-2557","TRN-10029","C303","","60","0","120"
"OL-2558","TRN-10030","","3","70","","210"
"OL-2559","TRN-10030","","1","58","0","58"
"OL-2560"," TRN-10031 ","C304","","58","0","174"
"OL-2561","TRN-10031","C302","","50","0","50"
" OL-2562 "," TRN-10031 ","P102","3","80","0","240"
" OL-2563 ","TRN-10032","#N/A","2","","0.05","129.2"
"OL-2564","TRN-10032","","3","58","","165.3"
"OL-2565","TRN-10032","C302","","","0.05","142.5"
"OL-2566","TRN-10032","P101","2","85","","161.5"
"","TRN-10033","","2","65","","130"
"OL-2568","TRN-10033","C301","2","55","0","110"
" OL-2569 "," TRN-10033 ","P101","3","85","0","255"
" OL-2570 "," TRN-10034 ","P103","3","95","0","285"
"OL-2571","TRN-10034"," P101 ","3","85","0","255"
"OL-2572","TRN-10035","P203","1","68","","57.8"
"OL-2573","TRN-10035","P202","3","65","0.15","165.75"
"OL-2574","TRN-10035","P102","2","80","","136"
"#N/A","TRN-10036"," P203 ","3","","0","204"
"OL-2576","#N/A","C301","1","55","","55"
"OL-2576","TRN-10036","C301","1","55","0","55"
"OL-2578","TRN-10037","P102","1","80","0.15","68"
"OL-2578","TRN-10037","P102","1","80","0.15","68"
"OL-2580",""," C302 ","3","50","0","150"
"OL-2581","TRN-10038"," C301 ","","55","0","55"
"OL-2582"," TRN-10039 ","","3","95","","270.75"
"OL-2583","TRN-10039","P202","1","65","0.05","61.75"
"OL-2584","TRN-10040","P202","3","65","0","195"
"OL-2585","TRN-10040","C301","","55","0","165"
"OL-2586","TRN-10040"," P202 ","3","65","0","195"
"OL-2586","TRN-10040","P202","3","65","0","195"
" OL-2588 ","TRN-10041","P102","3","80","","216"
"OL-2589"," TRN-10042 ","#N/A","2","65","0","130"
"OL-2590","TRN-10042","P103","3","95","","285"
"OL-2591","TRN-10042","P201","","70","","70"
"OL-2592"," TRN-10042 ","P102","","","0","80"
"OL-2592","TRN-10042","P102","1","80","0","80"
"OL-2594"," TRN-10043 ","","3","85","0","255"
"OL-2595","","C302","1","50","0.15","42.5"
"OL-2596","TRN-10044","P101","3","85","0.15","216.75"
"OL-2597","TRN-10045","P101","2","85","0","170"
"OL-2598"," TRN-10045 "," C302 ","1","50","0","50"
"","TRN-10045","P202","2","65","0","130"
"OL-2600","TRN-10045","P101","3","85","","255"
"OL-2601","TRN-10046","C302","1","50","0.05","47.5"
"OL-2602"," TRN-10047 ","P102","1","80","0","80"
"OL-2603","TRN-10048","P203","2","","0",""
"OL-2604","TRN-10048","","1","95","0","95"
"OL-2605","TRN-10048","P203","1","68","0","68"
" OL-2606 ","TRN-10048","C301","1","55","0","55"
"OL-2607","TRN-10049","C302","3","50","","150"
"OL-2607","TRN-10049","C302","3","50","0","150"
"","TRN-10050","P103","3","95","0","285"
"","TRN-10050","C301","","","","55"
"OL-2610","TRN-10050","C301","1","55","0","55"
"OL-2612","TRN-10051","C304","3","58","0","174"
"OL-2613","TRN-10051","P201","2","70","0","140"
" OL-2614 "," TRN-10051 "," P101 ","1","85","0","85"
"OL-2615","TRN-10052","C303","2","60","0",""
"OL-2616","TRN-10052","#N/A","2","58","0","116"
"OL-2617"," TRN-10053 ","C304","3","58","0","174"
"OL-2618","TRN-10053","P103","1","95","0","95"
"OL-2618","TRN-10053","P103","1","95","0","95"
"OL-2620","TRN-10053","P101","3","85","0",""
"#N/A","","P101","3","85","0","255"
"OL-2622","TRN-10054"," P103 ","1","","0","95"
"OL-2623","TRN-10054","P101","1","85","0","85"
"OL-2624"," TRN-10054 ","C303","1","60","0","60"
"",""," C301 ","1","55","0","55"
"OL-2626","TRN-10055"," C303 ","3","60","","180"
"OL-2627","TRN-10055","P101","2","85","0","170"
"OL-2628","TRN-10055","#N/A","1","55","0","55"
"OL-2629","TRN-10056","P201","1","70","","70"
"OL-2630","TRN-10057"," C301 ","1","55","0","55"
"OL-2631","TRN-10057","#N/A","3","58","0","174"
"OL-2632","TRN-10057","P103","2","95","0","190"
"OL-2633","TRN-10058","P101","3","85","0","255"
"OL-2634","TRN-10058","C301","2","55","0","110"
"OL-2635","TRN-10058","P102","2","80","","160"
"OL-2636","TRN-10058","P202","1","65","0","65"
"OL-2637","TRN-10059","P203","1","68","0","68"
"OL-2638","TRN-10059","P101","2","85","0","170"
"","#N/A","C303","3","60","0","180"
"OL-2640","TRN-10060","C304","1","58","0","58"
"OL-2641","TRN-10060","C303","3","60","0","180"
"OL-2642","#N/A","","","","0","95"
"","TRN-10060","P202","2","65","0","130"
"OL-2643","TRN-10060","P202","2","65","0","130"
"OL-2645","TRN-10061","C303","","60","0","60"
"OL-2646","TRN-10061","P103","1","95","0",""
"","","C304","3","58","0","174"
"OL-2647","TRN-10061","C304","3","58","0","174"
"OL-2649","TRN-10062","P202","1","65","0.05","61.75"
"OL-2649","TRN-10062","P202","1","65","0.05","61.75"
"OL-2650","TRN-10062","P203","3","68","0.05","193.8"
"OL-2652"," TRN-10063 ","C302","2","50","0","100"
"OL-2653","TRN-10063","P202","2","65","0","130"
" OL-2654 ","TRN-10063","C303","2","60","0",""
"OL-2654","TRN-10063","C303","2","60","0","120"
"OL-2656","TRN-10064","C303","2","","0","120"
"OL-2657","TRN-10064","","3","95","0","285"
" OL-2658 ","TRN-10064","C303","1","60","0",""
"OL-2658","TRN-10064","C303","1","60","0","60"
"","TRN-10065","C302","2","50","0","100"
"OL-2661"," TRN-10065 ","P203","1","68","0","68"
" OL-2662 ","TRN-10066","","1","68","0","68"
"OL-2663","TRN-10066","P203","3","68","",""
"OL-2664"," TRN-10066 "," C301 ","1","55","","55"
"OL-2665","TRN-10067","C303","1","60","0.05","57"
"OL-2666","","C302","2","50","0.05","95"
"","TRN-10067","P102","3","80","","228"
"OL-2668","TRN-10068","C303","3","60","0","180"
"OL-2669","","C302","1","50","0","50"
"OL-2670","TRN-10068","P203","3","68","","204"
"","TRN-10068","C303","1","60","0","60"
"OL-2671","TRN-10068","C303","1","60","0","60"
"OL-2672","TRN-10069","P202","3","65","0","195"
"OL-2674","","P103","2","95","0","190"
"OL-2675","TRN-10070","P202","1","65","","65"
"OL-2675","TRN-10070","P202","1","65","0","65"
"OL-2677","TRN-10071","P102","3","80","0","240"
"OL-2677","TRN-10071","P102","3","80","0","240"
"","TRN-10073","C304","2","58","0","116"
"OL-2680","TRN-10073","C302","","50","0","150"
" OL-2681 ","TRN-10073","C304","2","58","0","116"
"OL-2682","#N/A","P101","","85","0",""
"OL-2683","TRN-10074","P203","3","68","0","204"
"OL-2684","TRN-10075","C304","2","58","0.05","110.2"
"OL-2685","","P203","2","68","0","136"
"OL-2686"," TRN-10076 "," P202 ","1","65","0","65"
"OL-2686","TRN-10076","P202","1","65","0","65"
"OL-2688","TRN-10076","","2","80","0","160"
"OL-2689"," TRN-10077 ","P203","2","68","0.15","115.6"
"OL-2689","TRN-10077","P203","2","68","0.15","115.6"
"OL-2691","TRN-10077","C304","3","58","0.15","147.9"
" OL-2692 ","TRN-10078"," C304 ","1","58","0","58"
"OL-2693","#N/A"," C303 ","3","60","","171"
"OL-2693","TRN-10079","C303","3","60","0.05","171"
"OL-2695","TRN-10080","P103","3","95","0","285"
"OL-2696","TRN-10080","P101","1","85","0","85"
"OL-2697","TRN-10080","P202","1","65","0","65"
" OL-2698 ","TRN-10081","P202","2","65","0.15","110.5"
"OL-2699","TRN-10081","","1","60","0.15","51"
"OL-2700","TRN-10082","","3","80","0","240"
"OL-2701"," TRN-10082 ","C302","2","50","",""
"OL-2701","TRN-10082","C302","2","50","0","100"
"OL-2702","TRN-10082","P201","3","70","0","210"
"","TRN-10084","C302","3","50","0","150"
"OL-2705","TRN-10084","P102","3","80","0","240"
"","TRN-10084","P203","3","68","0","204"
"OL-2707","TRN-10084","C304","1","58","0","58"
"OL-2708","TRN-10085"," P201 ","3","70","0.1","189"
"OL-2709","","P202","1","65","","58.5"
"OL-2709","TRN-10085","P202","1","65","0.1","58.5"
"OL-2711","TRN-10086","P102","1","80","","80"
" OL-2712 ","TRN-10086","","","70","0","70"
"OL-2713","TRN-10087"," P103 ","1","","0.1","85.5"
" OL-2714 ","","C301","","55","0.1",""
" OL-2715 ","TRN-10088","P203","2","68","0","136"
"OL-2716","TRN-10088","P202","3","65","0",""
"OL-2717","TRN-10088","P203","2","68","0","136"
"OL-2718","TRN-10089","C301","2","55","0","110"
"OL-2718","TRN-10089","C301","2","55","0","110"
" OL-2720 ","TRN-10090","P201","2","70","0","140"
"OL-2720","TRN-10090","P201","2","70","0","140"
"OL-2722","TRN-10090","C302","3","50","0","150"
"OL-2723","TRN-10091","P201","1","70","","59.5"
" OL-2724 ","TRN-10092","P203","2","68","0","136"
"OL-2724","TRN-10092","P203","2","68","0","136"
"#N/A","TRN-10092","C302","2","50","0","100"
"OL-2727","TRN-10092","P103","1","95","0","95"
" OL-2728 ","TRN-10093","C301","","55","0.1",""
"OL-2729","TRN-10094","C303","1","60","0","60"
" OL-2730 ","TRN-10095","","1","50","0.05","47.5"
"OL-2730","TRN-10095","C302","1","50","0.05","47.5"
" OL-2732 ","TRN-10095","P203","3","","","193.8"
"OL-2733","TRN-10096","P203","1","68","0","68"
"OL-2734","TRN-10097"," P203 ","1","68","","57.8"
"OL-2734","TRN-10097","P203","1","68","0.15","57.8"
"OL-2736","TRN-10097","P201","1","70","0.15","59.5"
" OL-2737 ","TRN-10098"," C303 ","3","60","0.05","171"
"OL-2738"," TRN-10099 ","C302","3","50","0",""
"OL-2738","TRN-10099","C302","3","50","0","150"
"OL-2739","TRN-10100","P201","3","70","0","210"
"OL-2740","TRN-10101","C301","2","55","0","110"
"OL-2742","TRN-10102","C304","2","58","0","116"
"OL-2743","TRN-10102","P202","3","65","0","195"
"OL-2744"," TRN-10103 "," P102 ","1","80","0","80"
"OL-2745","TRN-10103","C302","1","","0","50"
"OL-2746"," TRN-10103 ","P203","1","68","0",""
"","TRN-10104"," P101 ","2","85","0","170"
"","TRN-10104","P101","2","85","0","170"
"OL-2749","TRN-10104","","1","68","0","68"
"OL-2750","TRN-10105","C301","","55","0","165"
"OL-2751","TRN-10105","","2","65","0","130"
"#N/A","TRN-10106","C303","","60","0","120"
"OL-2753","TRN-10107"," P103 ","2","","0","190"
" OL-2754 ","TRN-10107","C302","2","50","0","100"
"OL-2754","TRN-10107","C302","2","50","0","100"
"OL-2756","","C301","3","","0","165"
"OL-2757","TRN-10108","C301","3","55","0","165"
"OL-2758","TRN-10109","P101","3","85","0","255"
"OL-2759","TRN-10109","P202","3","65","0","195"
"OL-2760","TRN-10109","P202","3","65","","195"
"OL-2760","TRN-10109","P202","3","65","0","195"
" OL-2762 ","TRN-10110","P203","3","68","0.05","193.8"
"OL-2763","TRN-10110","","1","50","0.05","47.5"
" OL-2764 ","TRN-10110","C301","2","55","0.05","104.5"
"OL-2765","TRN-10111"," P103 ","1","95","0","95"
"","TRN-10112","P102","1","80","0","80"
"#N/A","TRN-10113","P201","2","70","0","140"
"OL-2768","TRN-10113","P102","2","80","0","160"
"","TRN-10114","P203","2","","0","136"
"OL-2770","TRN-10115","C301","2","55","","104.5"
" OL-2771 ","TRN-10116","P101","3","85","","255"
"OL-2772","TRN-10117","P102","2","80","0","160"
"OL-2772","TRN-10117","P102","2","80","0","160"
"OL-2774","TRN-10118","P103","2","95","0.05","180.5"
"OL-2774","TRN-10118","P103","2","95","0.05","180.5"
"OL-2776","TRN-10118","P201","3","70","0.05","199.5"
"OL-2777","TRN-10118","P203","2","68","0.05","129.2"
"OL-2778"," TRN-10119 ","P101","2","","0","170"
"OL-2779","TRN-10119","C302","1","50","0","50"
"OL-2780","TRN-10120","C304","2","58","0","116"
"OL-2781","TRN-10120","#N/A","3","95","0",""
"OL-2781","TRN-10120","P103","3","95","0","285"
"OL-2783","TRN-10120","P101","2","85","0","170"
"OL-2784","TRN-10121","P101","3","85","0","255"
"OL-2784","TRN-10121","P101","3","85","0","255"
"OL-2786","","P102","1","80","0","80"
"OL-2786","TRN-10121","P102","1","80","0","80"
"","TRN-10122","C301","1","55","0","55"
"OL-2789","","C302","2","50","","100"
" OL-2790 ","TRN-10123","P203","2","68","0","136"
"OL-2791","TRN-10123"," P103 ","","95","0",""
"OL-2792","TRN-10124","P203","","68","0.05","64.6"
"OL-2792","TRN-10124","P203","1","68","0.05","64.6"
"OL-2794","TRN-10125","P201","","70","0","140"
"OL-2795","TRN-10125"," P201 ","1","70","0",""
"OL-2796","TRN-10125","C303","1","60","0","60"
"#N/A","TRN-10125","P103","2","95","0","190"
"OL-2798","TRN-10126","C304","","58","0","174"
"OL-2799"," TRN-10127 ","C301","3","55","0","165"
"OL-2800","TRN-10128"," C302 ","2","50","0.05","95"
"OL-2800","TRN-10128","C302","2","50","0.05","95"
"OL-2802"," TRN-10130 ","P203","2","68","0","136"
"OL-2802","TRN-10130","P203","2","68","0","136"
""," TRN-10130 ","P102","3","80","0","240"
"OL-2805","TRN-10131","P203","2","","0","136"
"OL-2806","","","2","65","0","130"
"OL-2807","TRN-10131","P202","2","65","0","130"
" OL-2808 ","TRN-10131","C303","3","60","0","180"
" OL-2809 ","TRN-10132","P101","2","85","0","170"
" OL-2810 ",""," P102 ","3","","0",""
"OL-2811"," TRN-10132 ","#N/A","3","55","0","165"
"OL-2812","TRN-10133","P102","1","80","0","80"
"OL-2813","TRN-10133"," P201 ","2","70","0","140"
"OL-2814"," TRN-10134 ","P103","3","95","0.1","256.5"
"OL-2815","#N/A","P101","3","85","0.1","229.5"
"","TRN-10134"," C304 ","1","58","0.1","52.2"
"OL-2817","TRN-10134","","1","65","0.1","58.5"
" OL-2818 ","","P103","2","95","0","190"
"OL-2819","TRN-10135","C303","2","","","120"
"OL-2820","TRN-10135","","3","85","0","255"
"OL-2820","TRN-10135","P101","3","85","0","255"
"OL-2822","TRN-10137","","1","65","0","65"
"OL-2823","TRN-10137","C303","3","60","","180"
"OL-2824","TRN-10137","C303","3","60","0","180"
"OL-2825","TRN-10137","P101","2","85","0","170"
"OL-2826","","P201","","70","0","210"
" OL-2827 ","TRN-10138"," P102 ","1","80","0","80"
" OL-2828 "," TRN-10138 ","P202","2","65","0","130"
"","TRN-10139","C301","1","55","0","55"
"OL-2830","TRN-10139","P202","3","65","0","195"
"OL-2831","TRN-10140","P203","1","68","0","68"
"OL-2832"," TRN-10140 ","C301","3","55","0","165"
" OL-2833 ","#N/A","P102","3","80","0","240"
"OL-2834","TRN-10141"," C304 ","2","58","0","116"
"OL-2834","TRN-10141","C304","2","58","0","116"
"OL-2835","TRN-10141","P203","3","68","0","204"
"OL-2837"," TRN-10141 ","C303","","60","0","120"
"OL-2838","TRN-10142","C302","2","","0.15","85"
"OL-2839","TRN-10142","","3","68","0.15","173.4"
"OL-2840","TRN-10142","P201","3","70","0.15","178.5"
"OL-2841","TRN-10143","","2","55","0.05",""
"OL-2841","TRN-10143","C301","2","55","0.05","104.5"
"OL-2842","TRN-10143","C303","2","60","0.05","114"
"OL-2844","TRN-10144","C301","2","55","0","110"
"OL-2844","TRN-10144","C301","2","55","0","110"
"OL-2846","TRN-10145","P102","1","80","0.1","72"
"OL-2847","TRN-10146","P102","2","","","160"
"OL-2848","#N/A","C301","1","55","0","55"
"OL-2849","","","1","60","","60"
"OL-2850","TRN-10146","C304","1","58","0","58"
" OL-2851 ","TRN-10147"," P202 ","2","65","0","130"
"OL-2852","","C301","2","55","0","110"
" OL-2853 "," TRN-10147 ","#N/A","1","50","0","50"
"OL-2854","TRN-10148","P101","1","","0","85"
"OL-2854","TRN-10148","P101","1","85","0","85"
"OL-2855","TRN-10148","P201","1","70","0","70"
"","TRN-10149","P201","2","70","0","140"
"OL-2858","TRN-10149","C302","3","","0","150"
"OL-2859","","P202","1","65","0","65"
"OL-2860","TRN-10150"," C303 ","3","60","0","180"
"OL-2861","TRN-10150"," C303 ","3","60","0","180"
"OL-2862","","P203","1","","","68"
"OL-2862","TRN-10150","P203","1","68","0","68"
"OL-2864","TRN-10151","C304","2","58","","116"
"OL-2864","TRN-10151","C304","2","58","0","116"
"OL-2866"," TRN-10152 ","P202","2","65","0","130"
"OL-2866","TRN-10152","P202","2","65","0","130"
"OL-2868","TRN-10153","C303","3","60","0",""
"OL-2869","TRN-10154","C303","3","60","0","180"
"OL-2870","TRN-10154"," P203 ","1","68","0",""
"OL-2871","TRN-10154"," C301 ","3","55","0","165"
"#N/A"," TRN-10155 ","P202","3","65","0","195"
"OL-2873","TRN-10156","P101","1","85","0.05","80.75"
"","TRN-10156","P202","3","65","0.05","185.25"
"OL-2875","TRN-10157","P102","3","80","0.15","204"
"OL-2876","TRN-10157","P201","1","70","0.15","59.5"
"OL-2877","TRN-10158"," P103 ","2","95","0","190"
"OL-2878","#N/A","C301","2","55","0.15","93.5"
"OL-2879","TRN-10159","P202","2","","0.15","110.5"
"OL-2880","TRN-10160","C301","3","55","0","165"
"OL-2881","TRN-10160"," C301 ","3","55","0","165"
"#N/A","TRN-10160","C304","1","58","","58"
"OL-2883","TRN-10161","P201","1","70","0.05","66.5"
"","TRN-10161","C301","3","55","0.05","156.75"
"#N/A","","C304","3","","0","174"
"OL-2886","TRN-10163","P103","2","95","0.1","171"
"OL-2887","TRN-10163","","2","68","0.1","122.4"
"OL-2888","","C302","3","50","0.1","135"
" OL-2889 ","","C304","2","58","0.1","104.4"
"OL-2889","TRN-10163","C304","2","58","0.1","104.4"
" OL-2891 ","TRN-10164","P202","3","65","0","195"
" OL-2892 ","TRN-10165","","3","","","199.5"
"OL-2892","TRN-10165","P201","3","70","0.05","199.5"
"OL-2894","","C303","2","60","","102"
" OL-2895 ","TRN-10166","C302","3","50","0.15","127.5"
"OL-2896","TRN-10166","C302","3","50","0.15","127.5"
"OL-2897","TRN-10167","C304","2","58","0",""
"","TRN-10167","P101","1","","0","85"
"OL-2899","TRN-10167","P103","1","95","0","95"
"OL-2900","TRN-10167","C301","3","55","","165"
"OL-2901","TRN-10168","P101","1","85","0.1","76.5"
"OL-2902","TRN-10168","P103","3","95","0.1","256.5"
"OL-2903","TRN-10169","P102","3","80","0",""
"OL-2904","TRN-10169","P202","2","65","0","130"
"OL-2905","TRN-10169","P202","2","65","0","130"
"","TRN-10169","C304","","58","","58"
"OL-2906","TRN-10169","C304","1","58","0","58"
"OL-2908","TRN-10170","P103","2","95","0","190"
"OL-2909","TRN-10170"," P103 ","1","95","0","95"
"OL-2910"," TRN-10170 ","C302","1","50","0","50"
"OL-2911","TRN-10171","P102","2","80","0","160"
" OL-2912 ","TRN-10171","C303","","60","0","180"
"OL-2912","TRN-10171","C303","3","60","0","180"
"OL-2914","TRN-10171","P102","2","80","0","160"
""," TRN-10172 ","#N/A","2","","0.15","136"
"OL-2916","TRN-10172","","3","65","0.15","165.75"
"OL-2917","TRN-10172","P202","1","65","0.15","55.25"
"OL-2918","TRN-10172","C302","3","50","0.15","127.5"
"OL-2919","TRN-10173","C302","1","50","0",""
"OL-2920","TRN-10173","P103","","95","0","95"
"OL-2921"," TRN-10173 ","C304","1","58","0","58"
"OL-2922"," TRN-10173 ","P102","3","80","0","240"
" OL-2923 ","TRN-10174","","1","70","0.05","66.5"
"OL-2924","TRN-10175","","3","80","0","240"
"OL-2925","TRN-10175","C303","2","60","0","120"
"OL-2926"," TRN-10176 ","","","80","0.1","144"
"OL-2927","TRN-10176","P202","3","65","0.1","175.5"
"OL-2928","TRN-10177","P201","3","70","0.15","178.5"
" OL-2929 ","TRN-10178","P201","","70","0.1","63"
"OL-2930","TRN-10178","C302","","50","0.1","135"
"OL-2931","TRN-10179"," C301 ","1","55","0","55"
"OL-2932","TRN-10179","P203","1","68","0","68"
"OL-2933","TRN-10179","C303","2","60","0","120"
"OL-2934","TRN-10179","P102","3","80","",""
"#N/A","TRN-10180","P101","1","85","0",""
"OL-2936","TRN-10180","C301","2","55","0","110"
"OL-2937","","P203","","68","0","204"
"OL-2937","TRN-10180","P203","3","68","0","204"
"OL-2939","","C301","3","55","0","165"
" OL-2940 ","","C303","1","60","0","60"
"OL-2941","TRN-10181","C303","2","60","0","120"
"OL-2942","TRN-10181","P103","1","","0","95"
"","TRN-10182","P102","2","80","0","160"
"OL-2944","TRN-10183","P103","2","95","0","190"
"#N/A","TRN-10183","C301","1","55","0","55"
"OL-2946"," TRN-10183 ","","2","65","0","130"
"OL-2947","TRN-10184"," C303 ","1","60","0.1",""
"#N/A","TRN-10184"," P203 ","","68","0.1","122.4"
"OL-2949","TRN-10185","","3","50","","135"
"OL-2950","TRN-10185","","2","60","","108"
"OL-2951","","","2","60","0.1","108"
"OL-2952","TRN-10185","","1","65","","58.5"
"OL-2953","TRN-10186","","3","95","0","285"
"OL-2954","TRN-10187","P202","2","65","0.05","123.5"
"OL-2954","TRN-10187","P202","2","65","0.05","123.5"
"OL-2956","TRN-10189","P102","1","80","0.15","68"
" OL-2957 ","#N/A","C304","3","58","0","174"
" OL-2958 ","","C302","1","50","","50"
"OL-2958","TRN-10191","C302","1","50","0","50"
"OL-2960","TRN-10192","P202","1","65","0","65"
"OL-2961","#N/A","P102","1","80","0","80"
"OL-2962","TRN-10192","P203","3","68","0","204"
"OL-2963","TRN-10192","P103","3","95","0","285"
"OL-2964","TRN-10193","","3","50","0.1","135"
"OL-2965","TRN-10194","P202","1","65","0","65"
"OL-2966","TRN-10195","","2","","0","116"
"OL-2967","TRN-10195","P203","3","68","0","204"
"OL-2968","","","2","85","0","170"
"","TRN-10196","P101","2","85","0","170"
"#N/A","TRN-10196","P103","1","95","0","95"
"","TRN-10196","P203","3","68","0",""
"#N/A","TRN-10196","C304","2","58","0",""
"OL-2973","TRN-10197","P103","2","95","0.15","161.5"
"","TRN-10197","","3","95","0.15","242.25"
" OL-2975 ","TRN-10197","C304","2","","0.15","98.6"
"OL-2976","","C302","","50","0.15","42.5"
" OL-2977 ","TRN-10198","P201","3","70","","210"
"","TRN-10198"," P101 ","3","","0","255"
"OL-2979","TRN-10198","P101","1","85","0","85"
" OL-2980 ","TRN-10199","","3","58","0","174"
"OL-2981","TRN-10199","C302","","50","0","50"
"OL-2982","TRN-10199","P203","2","68","0","136"
"OL-2982","TRN-10199","P203","2","68","0","136"
" OL-2984 ","TRN-10200","","1","60","0","60"
"OL-2985","TRN-10200"," C301 ","1","55","0","55"
"OL-2986","TRN-10201"," P102 ","2","80","0","160"
"OL-2987"," TRN-10201 ","P101","2","","0","170"
"OL-2988","TRN-10201","P103","3","","0","285"
"OL-2989","TRN-10201","P201","3","70","0","210"
"OL-2990","TRN-10202","","3","55","0","165"
"OL-2990","TRN-10202","C301","3","55","0","165"
"OL-2992","TRN-10204","C303","1","60","0.15","51"
"OL-2993","TRN-10204","C304","1","58","0.15","49.3"
"OL-2994","TRN-10205"," P202 ","2","65","0.15","110.5"
" OL-2995 ","TRN-10206","P201","3","70","0.05","199.5"
" OL-2996 ","TRN-10206","","1","80","0.05","76"
" OL-2997 "," TRN-10206 "," C304 ","3","58","0.05","165.3"
"OL-2997","TRN-10206","C304","3","58","0.05","165.3"
"OL-2999","TRN-10207","","1","95","0","95"
"#N/A","TRN-10207","P201","2","70","0","140"
"OL-3000","TRN-10207","P201","2","70","0","140"
"OL-3002","TRN-10207","P102","","80","0","240"
"OL-3003","TRN-10208","C304","3","58","0","174"
"OL-3004"," TRN-10208 ","P203","2","68","0","136"
"OL-3005","#N/A","","2","55","0","110"
"OL-3005","TRN-10208","C301","2","55","0","110"
"OL-3007","TRN-10209","","3","50","0","150"
"OL-3007","TRN-10209","C302","3","50","0","150"
"#N/A","TRN-10210","C304","","58","0.15","147.9"
"OL-3010","TRN-10210","C301","2","55","0.15","93.5"
"OL-3010","TRN-10210","C301","2","55","0.15","93.5"
"OL-3012","TRN-10210"," C303 ","","60","0.15","153"
" OL-3013 ","","P201","2","","0","140"
"OL-3014","TRN-10211","P203","3","68","","204"
"OL-3015","TRN-10212","C302","3","50","0","150"
"OL-3016"," TRN-10213 ","P103","2","95","0","190"
"OL-3017","TRN-10214","P201","2","70","0","140"
"OL-3018","TRN-10215","P202","1","65","0","65"
"OL-3019"," TRN-10215 ","P203","3","","0","204"
"OL-3019","TRN-10215","P203","3","68","0","204"
"OL-3021","","","3","85","0","255"
"OL-3022","TRN-10217","P101","1","85","0","85"
" OL-3023 ","TRN-10217","","1","60","0","60"
"OL-3024","TRN-10217","#N/A","1","68","0","68"
"OL-3025","TRN-10218","C301","3","55","0.05","156.75"
"OL-3026","TRN-10218","","1","50","0.05","47.5"
" OL-3027 ","TRN-10218","P103","","95","0.05","90.25"
"OL-3028","TRN-10219","P203","2","68","0","136"
"OL-3029","TRN-10219","P201","1","70","0","70"
"OL-3029","TRN-10219","P201","1","70","0","70"
"OL-3030","TRN-10219","P201","3","70","0","210"
"OL-3031","TRN-10219","C301","2","55","0","110"
"OL-3032","TRN-10220","P103","1","95","0","95"
"OL-3034","#N/A","C301","","55","0","55"
"OL-3035","TRN-10222","P101","1","85","0",""
"OL-3036"," TRN-10222 ","P102","2","80","0","160"
"OL-3037","TRN-10223","C303","3","60","0.1","162"
"OL-3038","TRN-10224","P103","3","95","","270.75"
"OL-3039","TRN-10224","C301","2","55","0.05","104.5"
"OL-3039","TRN-10224","C301","2","55","0.05","104.5"
"OL-3040","TRN-10224","P102","2","80","0.05","152"
"OL-3042","TRN-10225"," C304 ","2","58","0","116"
" OL-3043 "," TRN-10226 ","P202","3","65","0.05","185.25"
"OL-3044"," TRN-10226 ","P103","2","95","0.05","180.5"
"OL-3044","TRN-10226","P103","2","95","0.05","180.5"
"OL-3045","TRN-10227","P203","1","68","0","68"
"","TRN-10228","#N/A","1","80","0","80"
"OL-3048","TRN-10229","P202","3","65","0","195"
"OL-3048","TRN-10229","P202","3","65","0","195"
"OL-3050","TRN-10230"," P103 ","3","95","0","285"
"","TRN-10230"," P103 ","1","","0","95"
"OL-3051","TRN-10230","P103","1","95","0","95"
"OL-3052","TRN-10230","P202","2","65","0","130"
"OL-3054"," TRN-10231 ","P203","3","68","0.15","173.4"
"OL-3055","TRN-10231","P201","3","70","0.15","178.5"
" OL-3056 ","TRN-10232"," C302 ","","50","0","100"
"OL-3057","TRN-10232","C302","1","50","0","50"
"OL-3058","TRN-10233","P101","1","85","0.1","76.5"
"OL-3059","TRN-10233","","","95","0.1",""
"OL-3060","TRN-10234","","2","65","0.1","117"
"OL-3061","TRN-10234","P103","3","95","0.1","256.5"
"OL-3062","TRN-10235"," P203 ","2","68","0.15","115.6"
"OL-3063","TRN-10236","P201","2","70","0.05","133"
"OL-3064","TRN-10236"," C302 ","3","50","0.05","142.5"
"OL-3065","TRN-10237"," C302 ","3","50","",""
"OL-3066","","P101","1","85","0","85"
"OL-3067","TRN-10237","C304","2","58","0","116"
" OL-3068 ","TRN-10237","P201","2","70","0","140"
"OL-3069"," TRN-10238 ","C304","2","58","0.15","98.6"
"OL-3070","","","2","55","0.15","93.5"
"OL-3071"," TRN-10238 ","C302","2","50","0.15","85"
"OL-3072","TRN-10239","C304","","58","0","174"
"OL-3073","TRN-10239","C304","2","58","0","116"
"OL-3073","TRN-10239","C304","2","58","0","116"
"OL-3075","TRN-10240","C301","3","55","0.15",""
"OL-3076","TRN-10240","P201","3","70","0.15","178.5"
"","TRN-10240","P101","3","85","0.15","216.75"
"OL-3078","","#N/A","2","95","0.15","161.5"
"OL-3079","TRN-10241","C301","3","55","","140.25"
"OL-3080","TRN-10241","","2","60","0.15","102"
"OL-3081","TRN-10241","P101","1","85","0.15","72.25"
"OL-3082","TRN-10242","P201","2","70","0","140"
"OL-3082","TRN-10242","P201","2","70","0","140"
" OL-3084 ","TRN-10242","P201","3","70","0","210"
"","","P101","3","85","0",""
"OL-3086","","","3","65","0.15","165.75"
"OL-3087","TRN-10243","C301","","55","","93.5"
" OL-3088 ","","P201","3","70","0.15","178.5"
"","TRN-10244","P102","1","80","0","80"
"OL-3090","TRN-10245","P202","2","","0.1","117"
"OL-3090","TRN-10245","P202","2","65","0.1","117"
"#N/A","TRN-10246","C301","3","55","0.1","148.5"
"OL-3093","TRN-10247","C302","","50","0","150"
"OL-3094","TRN-10247","P102","2","80","0","160"
"OL-3095","TRN-10247","C302","2","50","0","100"
"OL-3096","TRN-10247","P101","1","85","0",""
"OL-3097","TRN-10248"," C304 ","2","58","0.05","110.2"
" OL-3098 ","","P202","1","65","0.05","61.75"
"OL-3099","TRN-10248","P102","","80","0.05","152"
"OL-3099","TRN-10248","P102","2","80","0.05","152"
"OL-3100","TRN-10249","P103","1","95","0","95"
" OL-3102 ","TRN-10249","","3","95","","285"
" OL-3103 ","TRN-10249","P203","","68","0","204"
"OL-3104","TRN-10250","P202","2","65","0","130"
" OL-3105 ","TRN-10250","C301","","55","0","110"
" OL-3106 ","TRN-10251","P201","3","70","0.1","189"
"OL-3107","TRN-10251","P203","1","68","0.1",""
" OL-3108 ","TRN-10251","P202","3","65","0.1","175.5"
"OL-3108","TRN-10251","P202","3","65","0.1","175.5"
"OL-3110","TRN-10252","C303","","60","0","120"
"OL-3111","TRN-10252","P101","","85","0","255"
"OL-3111","TRN-10252","P101","3","85","0","255"
" OL-3113 "," TRN-10254 ","C303","1","60","0.1",""
"OL-3114","TRN-10255","C304","","58","0","174"
"","TRN-10255","P101","2","85","0","170"
"OL-3115","TRN-10255","P101","2","85","0","170"
"OL-3117","TRN-10256"," P103 ","2","95","0","190"
"OL-3118","TRN-10256","C302","1","50","0",""
"OL-3119","","P102","3","80","0","240"
" OL-3120 ","TRN-10256","P201","2","70","0","140"
"OL-3121","TRN-10257","C303","2","60","0.1",""
"OL-3122","TRN-10258","P101","1","","0.1","76.5"
"OL-3122","TRN-10258","P101","1","85","0.1","76.5"
"OL-3124","TRN-10258","C304","3","58","0.1","156.6"
" OL-3125 "," TRN-10259 ","C302","1","50","0.05","47.5"
"OL-3126","TRN-10259","#N/A","2","50","0.05","95"
"OL-3127","TRN-10260","P101","1","85","0","85"
"#N/A","TRN-10260","C302","","50","0","50"
"OL-3129"," TRN-10261 "," P202 ","3","65","0",""
"OL-3130","TRN-10261","","3","55","","165"
"OL-3131","TRN-10261"," P101 ","3","85","0","255"
"OL-3131","TRN-10261","P101","3","85","0","255"
""," TRN-10262 ","P201","3","","","189"
"OL-3134","TRN-10262","P201","2","70","0.1",""
"OL-3135","TRN-10262"," P103 ","3","95","",""
"OL-3136","TRN-10262","P203","","68","0.1","61.2"
"OL-3136","TRN-10262","P203","1","68","0.1","61.2"
"","","P203","1","","0","68"
"OL-3139","TRN-10264","P102","2","80","0.15","136"
"OL-3139","TRN-10264","P102","2","80","0.15","136"
"OL-3141","TRN-10264","P201","2","","0.15","119"
"","TRN-10265"," P102 ","3","","0",""
"OL-3143","TRN-10265","P103","","95","","285"
"OL-3144","","C303","1","60","0","60"
"OL-3144","TRN-10265","C303","1","60","0","60"
"OL-3146","TRN-10266","#N/A","","70","0.05","199.5"
"OL-3147","TRN-10266","C303","2","60","0.05","114"
"OL-3148","TRN-10267","P203","","68","0","68"
"OL-3149","TRN-10268","P202","1","65","0","65"
"OL-3150","TRN-10269","P203","3","68","0",""
" OL-3151 ","#N/A","P103","1","95","","95"
" OL-3152 ","TRN-10270","P202","2","65","0.1",""
"OL-3153","TRN-10270","C301","2","55","0.1","99"
"OL-3154","TRN-10271","C303","2","","0.1","108"
"OL-3155"," TRN-10271 ","P202","3","65","0.1","175.5"
"","TRN-10272","P102","1","80","","80"
"","TRN-10272","C303","1","60","0","60"
"OL-3158","TRN-10272","#N/A","","85","0","170"
" OL-3159 ","TRN-10273","P202","1","65","0.1","58.5"
"OL-3160","TRN-10273","","1","58","","52.2"
"OL-3161","","P202","1","65","0.1","58.5"
"OL-3162","TRN-10274","P203","2","68","0","136"
"OL-3163","TRN-10274","P101","3","85","","255"
"OL-3163","TRN-10274","P101","3","85","0","255"
"OL-3164","TRN-10274","P201","1","70","0","70"
"OL-3166"," TRN-10275 ","P101","1","85","0.1","76.5"
" OL-3167 ","TRN-10275","P102","1","80","","72"
"","TRN-10275","P103","3","95","0.1","256.5"
"OL-3168","TRN-10275","P103","3","95","0.1","256.5"
"OL-3169","TRN-10275","P203","2","68","0.1","122.4"
"#N/A","TRN-10276","P201","3","70","0.05","199.5"
"OL-3172"," TRN-10276 ","P202","3","","0.05","185.25"
"OL-3173","TRN-10277"," P201 ","2","70","0.05","133"
"OL-3174","","C304","2","58","0.15","98.6"
"OL-3175","TRN-10279","C302","3","50","0","150"
"OL-3175","TRN-10279","C302","3","50","0","150"
" OL-3177 ","TRN-10279","P101","2","85","","170"
"OL-3178","TRN-10279","","","70","0","210"
"OL-3179","TRN-10280","P202","1","65","0","65"
"OL-3180","TRN-10280"," C303 ","2","60","0","120"
" OL-3181 ","TRN-10281","P201","","70","0","140"
"OL-3182","TRN-10281"," C303 ","3","","0",""
"OL-3183"," TRN-10281 ","C301","1","55","0","55"
"OL-3184"," TRN-10281 ","C304","3","58","0","174"
"OL-3185"," TRN-10282 "," P101 ","1","85","0",""
"OL-3186"," TRN-10282 ","P103","2","95","0","190"
"OL-3187","TRN-10282","","3","65","0","195"
"OL-3188","TRN-10283"," P102 ","2","80","0","160"
"OL-3189"," TRN-10283 ","P203","1","68","","68"
"OL-3190","TRN-10284"," P203 ","3","68","","204"
"OL-3191","TRN-10285","C301","3","55","0","165"
" OL-3192 "," TRN-10285 ","P203","3","68","0","204"
"#N/A","TRN-10285"," P202 ","2","65","0","130"
"OL-3194","TRN-10285","P103","3","","","285"
"OL-3195","TRN-10286","C303","1","60","0","60"
"OL-3196","TRN-10286","P102","1","","0","80"
"OL-3197","","P201","2","70","","140"
"OL-3197","TRN-10287","P201","2","70","0","140"
"OL-3199","TRN-10288","P203","3","68","0","204"
"","TRN-10288","C304","2","58","0","116"
"OL-3201","TRN-10288"," C301 ","2","55","0","110"
"#N/A","TRN-10289","","","85","0.05","161.5"
"OL-3203","TRN-10289","","3","95","0.05","270.75"
"OL-3204"," TRN-10289 ","","3","95","","270.75"
"OL-3205","TRN-10290","P203","1","68","0","68"
"OL-3206","TRN-10290","C304","3","58","0","174"
"OL-3207","#N/A","P102","3","80","0","240"
"OL-3208","TRN-10291"," P101 ","1","","","85"
"OL-3208","TRN-10291","P101","1","85","0","85"
"OL-3210","TRN-10291","","3","68","0","204"
"OL-3211","TRN-10292","C304","3","58","0","174"
"OL-3211","TRN-10292","C304","3","58","0","174"
"OL-3213","TRN-10293","C302","2","50","0.1","90"
"OL-3214"," TRN-10293 ","P201","1","70","0.1","63"
"OL-3215","TRN-10293","#N/A","3","","0.1","162"
"OL-3216"," TRN-10293 ","P103","3","95","0.1","256.5"
"","TRN-10294","P201","","70","0","70"
"OL-3218","TRN-10295","P102","3","80","0.15","204"
"OL-3218","TRN-10295","P102","3","80","0.15","204"
"OL-3219","TRN-10295","P102","2","80","0.15","136"
"OL-3221","TRN-10297"," P201 ","2","70","0","140"
"OL-3222","TRN-10298"," C301 ","3","55","","165"
" OL-3223 ","TRN-10298","C304","3","58","0","174"
"OL-3224","TRN-10298","P101","3","85","0",""
"OL-3225","TRN-10298"," P203 ","1","68","0","68"
"OL-3226","TRN-10299","C301","2","55","0.05","104.5"
" OL-3227 ","TRN-10299","P102","2","80","0.05","152"
"#N/A","TRN-10300","","","85","0","255"
"OL-3228","TRN-10300","P101","3","85","0","255"
"OL-3230","","P203","3","68","0.1","183.6"
"OL-3231","TRN-10301"," C304 ","3","58","0.1","156.6"
"OL-3232"," TRN-10301 ","P102","3","80","0.1","216"
"OL-3233","TRN-10302","C301","1","","0.15","46.75"
"OL-3234"," TRN-10302 ","P201","","70","0.15","119"
"OL-3235","TRN-10302","P203","3","","0.15","173.4"
"OL-3236","TRN-10303"," C302 ","3","50","0",""
"OL-3236","TRN-10303","C302","3","50","0","150"
"OL-3238","TRN-10304","C302","2","50","","85"
"","TRN-10304","P101","1","85","0.15","72.25"
"OL-3239","TRN-10304","P101","1","85","0.15","72.25"
"OL-3240","TRN-10305","C303","1","60","0.1","54"
"OL-3242","TRN-10305","P101","","85","0.1","153"
"OL-3242","TRN-10305","P101","2","85","0.1","153"
"OL-3244","TRN-10306","P203","1","68","0","68"
"OL-3244","TRN-10306","P203","1","68","0","68"
"OL-3245","TRN-10306","P103","1","95","0","95"
"OL-3247",""," C301 ","1","55","0.1","49.5"
"OL-3248","TRN-10307","C302","1","50","0.1",""
"#N/A"," TRN-10308 ","P102","","80","0","160"
"","TRN-10308","C302","","50","0","150"
"","","P202","","65","0","130"
"OL-3252","TRN-10308","","2","80","0","160"
"","TRN-10309","","2","50","0","100"
"","TRN-10310","C303","3","60","0","180"
"OL-3255"," TRN-10311 ","P103","","95","0","95"
"OL-3256","TRN-10312","","3","68","0.05",""
" OL-3257 ","TRN-10313","P102","1","80","","80"
"OL-3258","TRN-10313","C303","3","","0","180"
"OL-3259","TRN-10313","P203","3","68","0","204"
"","TRN-10313","P102","1","80","0","80"
"OL-3261","TRN-10314","C304","2","58","0","116"
"OL-3261","TRN-10314","C304","2","58","0","116"
" OL-3263 "," TRN-10315 ","P103","3","95","0","285"
"OL-3263","TRN-10315","P103","3","95","0","285"
"#N/A","TRN-10315","#N/A","1","80","0","80"
"OL-3266","TRN-10315","C304","3","58","0","174"
"OL-3267","TRN-10316","C303","","60","0","180"
" OL-3268 "," TRN-10316 ","C303","2","60","0","120"
"OL-3269","TRN-10316","C301","1","55","0","55"
"OL-3270","TRN-10317","C302","3","50","0","150"
"OL-3271","","C303","2","60","0",""
"OL-3271","TRN-10317","C303","2","60","0","120"
" OL-3273 ","TRN-10318"," P102 ","2","80","0","160"
"","#N/A","P203","1","68","0","68"
"OL-3275","TRN-10318","C301","","55","0","110"
"OL-3276","TRN-10319","","2","58","","104.4"
"OL-3277","TRN-10319","P102","3","80","","216"
"#N/A","TRN-10319","P102","1","80","0.1","72"
"OL-3279","TRN-10319"," P102 ","1","80","0.1","72"
"OL-3279","TRN-10319","P102","1","80","0.1","72"
"OL-3281","TRN-10321","P201","1","70","0.15","59.5"
"OL-3282","TRN-10321","P101","","85","0.15","72.25"
"OL-3283","TRN-10321"," P203 ","2","68","0.15","115.6"
"OL-3284","TRN-10322","C304","1","","0","58"
"OL-3285"," TRN-10323 ","C301","1","55","0.15","46.75"
"OL-3286","TRN-10324","C304","3","58","0.1","156.6"
"#N/A","TRN-10324","P101","3","85","0.1","229.5"
"OL-3288","TRN-10324","C304","3","58","0.1","156.6"
"","TRN-10324","C302","2","50","0.1","90"
"OL-3290","TRN-10325","","2","58","0","116"
"OL-3291"," TRN-10325 ","P102","3","80","0","240"
"OL-3292","TRN-10325","P203","2","","","136"
"OL-3293","TRN-10325","C304","1","58","","58"
"OL-3294","TRN-10326","","1","60","0.1","54"
"OL-3295","TRN-10326","P203","1","","","61.2"
"OL-3296","","#N/A","2","68","0.1","122.4"
"OL-3296","TRN-10326","P203","2","68","0.1","122.4"
"OL-3298","TRN-10327","P101","1","85","0","85"
"OL-3299","TRN-10327","P203","3","68","0",""
"OL-3299","TRN-10327","P203","3","68","0","204"
" OL-3301 ","TRN-10328","P101","","85","0.1","76.5"
"OL-3301","TRN-10328","P101","1","85","0.1","76.5"
"OL-3303","TRN-10329","P202","2","65","0","130"
"OL-3304","TRN-10329","P202","1","65","","65"
"OL-3305","TRN-10329","P103","1","95","0","95"
"OL-3306","TRN-10329","P101","3","85","0","255"
"OL-3307","TRN-10330","C301","3","55","0","165"
" OL-3308 ","#N/A","P201","1","70","0","70"
"OL-3309"," TRN-10330 ","C302","3","50","0","150"
" OL-3310 ","TRN-10331","P203","3","68","0","204"
"OL-3311","TRN-10331","P202","3","65","0","195"
" OL-3312 ","TRN-10331"," C304 ","2","58","0","116"
"OL-3313","TRN-10332"," P203 ","3","68","0.15","173.4"
"OL-3314","TRN-10332","","3","68","0.15",""
"OL-3315","TRN-10332","P203","3","68","0.15",""
"OL-3316","#N/A","P102","1","80","0.15",""
"","TRN-10333","#N/A","1","70","0","70"
"OL-3318","TRN-10334","P202","2","65","0","130"
"OL-3319"," TRN-10334 ","P202","3","65","0","195"
"OL-3320","TRN-10335","","","55","0.1","148.5"
"OL-3321","TRN-10335","C304","3","","0.1","156.6"
"OL-3322","TRN-10335","P202","1","65","","58.5"
"OL-3323","TRN-10336","P103","3","95","0.1",""
"OL-3324","TRN-10336","","1","50","0.1","45"
"OL-3325","TRN-10336","P101","1","85","0.1","76.5"
"OL-3326","TRN-10336"," P201 ","1","","0.1","63"
"OL-3327"," TRN-10337 ","P103","2","95","0","190"
"OL-3327","TRN-10337","P103","2","95","0","190"
"OL-3329","TRN-10339"," C304 ","2","58","0.1","104.4"
"OL-3329","TRN-10339","C304","2","58","0.1","104.4"
"OL-3331",""," P202 ","2","65","0.1","117"
"OL-3332","TRN-10340","P102","","80","0","160"
"OL-3333","TRN-10340","P202","3","65","","195"
" OL-3334 ","TRN-10340","","2","55","0","110"
"OL-3335",""," C301 ","3","55","","165"
"OL-3336","TRN-10341","P202","3","65","0","195"
"OL-3337","","P102","1","80","0","80"
"OL-3338","TRN-10341"," P101 ","","","0",""
"OL-3339","TRN-10342","C301","3","55","0","165"
"OL-3340","TRN-10342","C303","3","60","0","180"
"OL-3341"," TRN-10342 ","P101","3","85","0","255"
"OL-3342","TRN-10343","P201","1","70","0","70"
"OL-3342","TRN-10343","P201","1","70","0","70"
"OL-3344","","C304","3","58","0","174"
"OL-3345","TRN-10344"," C304 ","1","58","0",""
"OL-3345","TRN-10344","C304","1","58","0","58"
" OL-3347 ","TRN-10346","","3","55","0","165"
"OL-3348"," TRN-10347 "," C303 ","","60","0","60"
"OL-3349","TRN-10347","P202","3","65","0","195"
"OL-3349","TRN-10347","P202","3","65","0","195"
"OL-3351"," TRN-10348 ","C302","","50","0","50"
"OL-3352","","C301","3","55","","165"
"OL-3353","TRN-10349"," C304 ","2","58","0",""
"OL-3354","TRN-10349","C302","2","50","0","100"
""," TRN-10350 ","C303","3","60","0","180"
"OL-3356","TRN-10351","C303","2","60","","102"
"OL-3357","TRN-10351","","1","95","0.15","80.75"
"OL-3358","","P102","2","80","0.15","136"
"OL-3358","TRN-10351","P102","2","80","0.15","136"
"OL-3360","#N/A","P203","1","68","0","68"
"OL-3361","TRN-10354","C301","2","55","0.05","104.5"
"OL-3362","TRN-10354","P203","1","68","0.05","64.6"
" OL-3363 ","TRN-10354","P202","2","","0.05","123.5"
"OL-3363","TRN-10354","P202","2","65","0.05","123.5"
" OL-3365 "," TRN-10355 ","P101","2","85","0","170"
" OL-3366 ","TRN-10355","P203","3","68","0","204"
" OL-3367 ",""," C303 ","2","60","0","120"
"OL-3368"," TRN-10356 ","","3","68","","204"
"","TRN-10356","P203","1","","0","68"
" OL-3370 ","TRN-10356","P202","3","","0","195"
"OL-3370","TRN-10356","P202","3","65","0","195"
"#N/A","TRN-10357","C302","1","50","0","50"
"OL-3373","TRN-10357","C301","2","55","","110"
"OL-3374"," TRN-10358 ","P201","3","70","0.1","189"
"OL-3374","TRN-10358","P201","3","70","0.1","189"
"OL-3376","","P101","2","85","0","170"
" OL-3377 ","TRN-10359","P203","1","68","0","68"
"OL-3377","TRN-10359","P203","1","68","0","68"
"OL-3379","TRN-10359"," C304 ","","58","0","58"
"OL-3380","TRN-10360","P203","","68","0","204"
" OL-3381 ","TRN-10361","P102","3","80","0.1","216"
"OL-3382"," TRN-10361 ","P203","1","68","0.1","61.2"
"OL-3383","TRN-10362","P102","1","80","0","80"
"OL-3384"," TRN-10362 ","","2","55","0","110"
" OL-3385 ","TRN-10362","C302","2","50","","100"
"OL-3386"," TRN-10362 ","C302","2","","0","100"
"OL-3387","TRN-10363","C303","1","","0","60"
"OL-3388","TRN-10363","P202","","65","0","130"
" OL-3389 ","TRN-10363","P203","2","68","","136"
"OL-3389","TRN-10363","P203","2","68","0","136"
"OL-3391","TRN-10364","","","50","0","100"
"","TRN-10364"," P201 ","2","70","0","140"
"OL-3393","TRN-10364","C303","1","60","0","60"
"OL-3393","TRN-10364","C303","1","60","0","60"
"OL-3395","TRN-10365","P201","1","70","0","70"
"OL-3396","#N/A"," P202 ","2","65","0","130"
"OL-3397","#N/A","C303","3","60","0",""
"OL-3398","","C304","1","58","0.1","52.2"
" OL-3399 ","TRN-10366","C302","1","50","0.1","45"
" OL-3400 ","TRN-10366","P203","2","68","0.1",""
"OL-3401","TRN-10367","C303","3","60","0","180"
"OL-3402","TRN-10367","C304","1","58","0",""
"OL-3403"," TRN-10367 ","P202","2","65","","130"
""," TRN-10368 ","P101","1","85","0","85"
"OL-3404","TRN-10368","P101","1","85","0","85"
"OL-3406","TRN-10369","","3","70","0","210"
"OL-3407","","P101","1","85","0","85"
"OL-3408","TRN-10370","C302","","50","0","150"
"OL-3409","TRN-10370","","1","58","0","58"
"OL-3410","TRN-10370","C302","2","50","0","100"
"","TRN-10371"," P101 ","3","85","0.15",""
""," TRN-10371 ","P203","1","68","0.15","57.8"
"OL-3412","TRN-10371","P203","1","68","0.15","57.8"
" OL-3414 ","TRN-10371","","3","60","0.15","153"
"OL-3415","TRN-10372","P202","2","65","","110.5"
"OL-3416","TRN-10372","P102","3","","0.15","204"
"OL-3417"," TRN-10372 ","P102","2","80","0.15","136"
" OL-3418 ","TRN-10373","C303","2","60","0","120"
"OL-3419","TRN-10373","","3","58","0","174"
"OL-3420","TRN-10374","P102","2","80","0","160"
"OL-3420","TRN-10374","P102","2","80","0","160"
"OL-3422","","P202","3","","","195"
"#N/A","TRN-10374","P102","","80","0","80"
"OL-3423","TRN-10374","P102","1","80","0","80"
"OL-3425"," TRN-10375 ","P103","","95","0","95"
"OL-3425","TRN-10375","P103","1","95","0","95"
"OL-3427"," TRN-10376 ","","1","50","0","50"
"OL-3428","TRN-10377","P201","2","70","0.15","119"
" OL-3429 ","TRN-10377"," P101 ","2","85","0.15","144.5"
""," TRN-10378 ","P103","3","95","0.15","242.25"
"OL-3430","TRN-10378","P103","3","95","0.15","242.25"
"OL-3432","TRN-10379"," P102 ","1","80","0",""
" OL-3433 ","TRN-10379"," P202 ","1","65","0","65"
"OL-3434","TRN-10379","","1","60","0","60"
"OL-3435","TRN-10380","P101","1","85","0","85"
"OL-3436","TRN-10381"," P203 ","2","68","0","136"
"OL-3437","TRN-10381","C304","3","58","0","174"
"OL-3438","TRN-10381","C304","1","58","0","58"
"OL-3439","","P201","3","70","","210"
"OL-3440","TRN-10382"," P201 ","3","70","0.05","199.5"
"OL-3441","TRN-10383","","2","95","0","190"
"OL-3442","TRN-10383","P203","","68","","136"
"","TRN-10384","C302","3","50","0",""
"OL-3444","TRN-10385","C304","1","58","0","58"
"OL-3445","TRN-10385","P202","2","65","0","130"
"","TRN-10385","","2","","0","136"
"OL-3447","#N/A","P101","2","85","0","170"
"OL-3448"," TRN-10386 ","C301","1","55","0","55"
"","TRN-10387","P101","1","85","0","85"
"OL-3449","TRN-10387","P101","1","85","0","85"
"OL-3450","TRN-10387","P202","2","65","0","130"
"OL-3452","TRN-10388","P201","1","70","0","70"
" OL-3453 "," TRN-10388 ","P101","1","85","0","85"
"OL-3454","TRN-10388","","1","70","0","70"
"OL-3454","TRN-10388","P201","1","70","0","70"
"OL-3456","TRN-10389","","1","58","",""
"OL-3457"," TRN-10389 ","C302","1","50","0","50"
"OL-3458","TRN-10389","C304","","58","0","116"
"OL-3459","TRN-10390","C304","3","","0",""
"OL-3460","TRN-10391","C304","1","58","0.1","52.2"
"","TRN-10391","","2","","0.1","153"
"OL-3462","TRN-10391","","1","50","0.1","45"
"OL-3463","TRN-10392","P202","3","","0","195"
" OL-3464 ","TRN-10392","C304","1","58","0","58"
"OL-3465","TRN-10392","C303","","60","0","120"
"OL-3465","TRN-10392","C303","2","60","0","120"
"","TRN-10393","","1","80","0","80"
"OL-3468","TRN-10394","P201","","70","0.05","133"
"OL-3469","#N/A","","2","60","0.05","114"
"OL-3470","TRN-10394","P101","","85","0.05","242.25"
"OL-3471","TRN-10395","P101","1","85","0","85"
" OL-3472 ","TRN-10395","C304","2","58","0","116"
"OL-3473","TRN-10395"," P101 ","1","","0","85"
""," TRN-10396 ","P201","","70","0","140"
"OL-3475","TRN-10396"," P103 ","1","95","0","95"
"OL-3475","TRN-10396","P103","1","95","0","95"
"OL-3477"," TRN-10396 ","P103","3","95","","285"
" OL-3478 ","TRN-10397","C301","1","55","0","55"
"OL-3479","","C303","2","","0",""
"OL-3480","TRN-10397","P201","1","","0","70"
"OL-3481",""," P103 ","1","","0","95"
"OL-3482"," TRN-10398 ","P203","2","68","0","136"
"OL-3483","TRN-10398","C302","3","50","0","150"
"OL-3484","TRN-10398","P203","2","68","0","136"
"OL-3485"," TRN-10399 "," C301 ","","","0","110"
" OL-3486 ","TRN-10400","C302","3","","0","150"
"OL-3487","TRN-10400","P202","2","65","0",""
"OL-3488","TRN-10400","C303","","","0","120"
"OL-3489","TRN-10400","C303","","60","0","180"
"OL-3489","TRN-10400","C303","3","60","0","180"
"OL-3491","TRN-10401","","1","70","0",""
"OL-3492"," TRN-10401 ","P202","3","65","","195"
"OL-3492","TRN-10401","P202","3","65","0","195"
"OL-3494","TRN-10402","P103","2","95","0.15","161.5"
"OL-3495","TRN-10402","P101","3","85","","216.75"
"OL-3495","TRN-10402","P101","3","85","0.15","216.75"
"OL-3497","TRN-10403","#N/A","3","95","0","285"
"","","P202","3","65","0","195"
"OL-3499"," TRN-10403 ","P201","3","70","0","210"
"OL-3500","TRN-10403","","1","95","0","95"
"OL-3501","TRN-10404","","3","60","0","180"
"OL-3501","TRN-10404","C303","3","60","0","180"
"OL-3503","TRN-10404","P201","3","70","","210"
"OL-3504","TRN-10405","P202","3","65","0.05","185.25"
"OL-3505","TRN-10405","C303","2","60","0.05",""
"OL-3505","TRN-10405","C303","2","60","0.05","114"
"OL-3506","TRN-10406","P102","1","80","0.1","72"
"OL-3508"," TRN-10406 ","P201","1","70","0.1","63"
"OL-3509","TRN-10407","P103","2","95","0","190"
"OL-3510","TRN-10408","C301","3","55","0.15","140.25"
"OL-3510","TRN-10408","C301","3","55","0.15","140.25"
"OL-3512","TRN-10409"," P102 ","2","80","0",""
"OL-3513","TRN-10409","C302","1","50","0","50"
"OL-3514","TRN-10409"," C301 ","2","55","0","110"
"OL-3515","TRN-10410","C301","1","55","0.05","52.25"
"OL-3516","TRN-10411","P102","3","80","0.1","216"
"","TRN-10412","P202","2","65","0.1","117"
"OL-3518","TRN-10412","P201","3","70","0.1","189"
"OL-3519","TRN-10412","C301","","55","0.1","148.5"
"OL-3520","TRN-10413","C301","","55","0","165"
"","TRN-10413","P101","1","","0","85"
"OL-3522","TRN-10413","C304","1","58","0","58"
"OL-3523","TRN-10414","P101","1","","0","85"
"OL-3524","TRN-10414","P103","2","95","0","190"
"OL-3525","TRN-10415"," C304 ","2","58","0","116"
"OL-3526"," TRN-10415 ","C303","","60","","120"
" OL-3527 "," TRN-10416 "," P201 ","2","","0","140"
"OL-3528","","#N/A","3","58","0","174"
" OL-3529 ","TRN-10416","C301","","55","0","55"
"OL-3530","TRN-10417","P202","3","65","0","195"
" OL-3531 "," TRN-10417 "," P102 ","3","80","0","240"
"OL-3532","TRN-10417","P202","3","65","","195"
"OL-3533","TRN-10417","C301","2","55","0","110"
"OL-3534"," TRN-10418 ","#N/A","1","55","0","55"
"OL-3534","TRN-10418","C301","1","55","0","55"
"OL-3536","TRN-10419","P203","1","68","0.1","61.2"
"OL-3536","TRN-10419","P203","1","68","0.1","61.2"
"OL-3537","TRN-10420","C302","2","50","0","100"
"OL-3538","TRN-10420","P102","2","80","0","160"
"OL-3540","TRN-10421"," C301 ","","55","0","165"
"OL-3541","TRN-10421"," C301 ","","55","0","55"
"OL-3542"," TRN-10421 ","","1","50","0","50"
"OL-3543","TRN-10422","C303","1","60","0.05","57"
"OL-3544","","P201","3","70","0.05","199.5"
"OL-3545","TRN-10422","C304","1","58","","55.1"
"OL-3546","TRN-10423","P101","2","85","0","170"
"#N/A","TRN-10423","C301","2","55","0","110"
"OL-3548"," TRN-10424 ","P103","1","95","0",""
"OL-3549","TRN-10425"," C303 ","3","60","0","180"
"OL-3550","TRN-10425","C303","3","60","0","180"
"OL-3551","TRN-10425","P101","3","85","0","255"
"OL-3552"," TRN-10426 ","#N/A","3","58","0","174"
"OL-3552","TRN-10426","C304","3","58","0","174"
"OL-3554","TRN-10426","P201","2","70","0","140"
"OL-3555"," TRN-10426 ","P201","1","70","0","70"
"OL-3556"," TRN-10427 ","#N/A","1","95","0.15","80.75"
"OL-3557","TRN-10427","C304","1","58","0.15","49.3"
"OL-3557","TRN-10427","C304","1","58","0.15","49.3"
"#N/A","TRN-10427"," P203 ","3","68","0.15",""
"OL-3560","TRN-10428","P202","1","65","0","65"
"#N/A","","C303","","60","0","120"
"OL-3561","TRN-10429","C303","2","60","0","120"
"OL-3563","TRN-10430","P203","1","68","0","68"
"OL-3563","TRN-10430","P203","1","68","0","68"
"OL-3565","TRN-10430","P101","2","85","0","170"
"","TRN-10431","P201","3","70","0.15","178.5"
"","","P102","1","80","0.15","68"
" OL-3568 ","TRN-10431","P101","1","","0.15","72.25"
"OL-3569","TRN-10431","C302","2","50","0.15",""
"OL-3570"," TRN-10432 ","C301","1","55","0","55"
" OL-3571 ","TRN-10432","P103","3","95","0","285"
"OL-3572","TRN-10433","P201","3","70","0","210"
"OL-3573","TRN-10433"," P202 ","","","0","65"
" OL-3574 "," TRN-10433 ","P202","1","","0","65"
"OL-3575","TRN-10433","P203","3","68","","204"
"OL-3576","TRN-10434","C301","1","55","0","55"
"OL-3577","TRN-10435"," C301 ","1","55","0.1","49.5"
"","TRN-10435","C304","1","58","0.1","52.2"
" OL-3579 ","TRN-10435","P201","3","70","0.1","189"
"OL-3580"," TRN-10435 ","P102","1","80","0.1","72"
"","TRN-10436","C303","","60","0","180"
"","TRN-10437","P103","1","95","0","95"
"OL-3583","TRN-10437","C303","3","60","0","180"
" OL-3584 ","TRN-10437"," C301 ","2","55","","110"
" OL-3585 ","TRN-10437","C301","","55","0","165"
"OL-3586","TRN-10438","C303","2","60","0.05","114"
"OL-3587","TRN-10438"," P202 ","","65","0.05","185.25"
"OL-3588","TRN-10438"," P102 ","2","80","0.05","152"
"OL-3588","TRN-10438","P102","2","80","0.05","152"
"OL-3590","TRN-10439","P202","2","65","0.15","110.5"
"OL-3591","TRN-10439","P202","1","65","0.15","55.25"
"OL-3592","","P102","1","80","0.15","68"
"OL-3593","TRN-10440","","1","85","0.1","76.5"
"OL-3594"," TRN-10441 ","P101","1","85","0","85"
"OL-3595","TRN-10442","C301","3","55","0","165"
" OL-3596 ","TRN-10442","P201","2","70","0","140"
"OL-3597","TRN-10443","C302","1","50","","42.5"
"OL-3597","TRN-10443","C302","1","50","0.15","42.5"
"OL-3599","TRN-10445","C304","1","58","0.1","52.2"
"OL-3600","TRN-10445","#N/A","3","55","0.1","148.5"
"OL-3601","TRN-10445","P101","2","85","0.1","153"
"OL-3602","TRN-10446"," C301 ","1","55","","55"
"OL-3603","TRN-10447","P203","3","68","0","204"
" OL-3604 ","TRN-10447","","2","68","0","136"
"OL-3605","TRN-10448","C301","1","","0.15","46.75"
"OL-3606","","P102","2","80","0.15","136"
"OL-3607",""," P102 ","1","80","0.15","68"
"OL-3608"," TRN-10449 "," P102 ","1","80","0","80"
"OL-3608","TRN-10449","P102","1","80","0","80"
"OL-3609","TRN-10449","C303","2","60","0","120"
"OL-3611",""," P202 ","2","65","0","130"
" OL-3612 ","#N/A","C304","1","58","0","58"
"OL-3613","TRN-10450","C304","1","58","0","58"
"OL-3614","TRN-10450"," C303 ","3","60","0","180"
" OL-3615 ","TRN-10451","P201","3","70","","210"
"OL-3616","TRN-10452","P103","2","95","",""
"OL-3616","TRN-10452","P103","2","95","0","190"
"","TRN-10452","","3","","0","240"
"OL-3619","TRN-10453","P101","3","85","0","255"
"OL-3620","TRN-10453","#N/A","","55","0","55"
" OL-3621 ","TRN-10454","","1","60","0","60"
"OL-3622","TRN-10454","P101","2","85","0","170"
"OL-3623","TRN-10455","C303","1","60","0.15","51"
"","TRN-10456","C304","2","58","0","116"
"OL-3624","TRN-10456","C304","2","58","0","116"
"OL-3625","TRN-10456","P203","3","68","0","204"
"OL-3626","TRN-10456","C302","3","50","0","150"
"OL-3628","TRN-10457","P103","1","95","0","95"
"OL-3628","TRN-10457","P103","1","95","0","95"
" OL-3630 ","TRN-10457","C304","2","58","0","116"
"OL-3631","TRN-10458","P202","2","65","0","130"
"OL-3632","TRN-10458"," C301 ","","55","0","110"
" OL-3633 "," TRN-10458 "," C302 ","3","50","0","150"
"OL-3634","TRN-10459","P101","2","85","0",""
"OL-3634","TRN-10459","P101","2","85","0","170"
"OL-3636","TRN-10460","","1","65","0","65"
"OL-3637","TRN-10460","P201","","70","0","70"
"OL-3638","TRN-10460","C302","3","50","0","150"
"OL-3639","TRN-10461","C303","3","60","0","180"
"OL-3640","TRN-10461"," P102 ","1","80","0","80"
"OL-3641","TRN-10462","C301","1","","0","55"
"OL-3641","TRN-10462","C301","1","55","0","55"
"","TRN-10462","P103","1","95","0","95"
"OL-3644","","P101","2","85","0","170"
"OL-3645","TRN-10464","C302","1","50","0","50"
"OL-3645","TRN-10464","C302","1","50","0","50"
"OL-3647","TRN-10464","C304","2","58","0","116"
"OL-3648","TRN-10465","C302","1","50","0","50"
"OL-3649","","C304","1","58","0",""
"OL-3650","TRN-10465","C303","3","60","0",""
"OL-3651"," TRN-10466 ","P102","2","80","0.1","144"
"OL-3652","TRN-10466","","3","","","183.6"
"OL-3652","TRN-10466","P203","3","68","0.1","183.6"
"OL-3654","TRN-10466","C302","1","50","0.1","45"
"OL-3655","TRN-10467","","1","68","0","68"
"OL-3655","TRN-10467","P203","1","68","0","68"
"OL-3657"," TRN-10467 ","P201","3","70","0","210"
"OL-3658","TRN-10467","P102","2","80","0","160"
"OL-3659","TRN-10468","P101","3","85","0","255"
" OL-3660 ","TRN-10468","P102","3","80","0","240"
"OL-3661","TRN-10469","P101","1","85","0","85"
"OL-3662","TRN-10469","P102","1","","","80"
"OL-3663","TRN-10469","P102","3","80","0","240"
"OL-3664","","P102","2","","0","160"
"OL-3664","TRN-10470","P102","2","80","0","160"
"OL-3666","TRN-10471"," P101 ","1","85","0",""
"OL-3666","TRN-10471","P101","1","85","0","85"
"OL-3667","TRN-10471","P202","1","65","0","65"
"OL-3669","TRN-10472","P101","3","85","0","255"
"OL-3670","TRN-10472","C302","1","50","0","50"
"","","","3","85","0","255"
"OL-3672","TRN-10473","","3","58","0","174"
"","","C302","2","50","",""
" OL-3674 ","TRN-10473"," C301 ","1","55","0","55"
"OL-3675","#N/A","P202","2","65","0.05","123.5"
"OL-3676","TRN-10474","P101","1","85","0.05","80.75"
"","TRN-10474","C304","","58","0.05","110.2"
"OL-3678","TRN-10474","C303","2","","0.05","114"
"OL-3679"," TRN-10475 ","C301","3","55","0","165"
" OL-3680 "," TRN-10475 ","P102","","80","0","240"
"OL-3681","TRN-10476","P201","2","70","",""
"OL-3682","","P201","","70","0","140"
"OL-3683","TRN-10477"," P102 ","1","80","0","80"
"OL-3684"," TRN-10478 ","P201","3","","0",""
"OL-3685","TRN-10478","P103","2","95","0","190"
"OL-3685","TRN-10478","P103","2","95","0","190"
" OL-3687 ","TRN-10479","","","70","0.15","178.5"
" OL-3688 ",""," P202 ","","65","0.15",""
"OL-3689","TRN-10480","C301","1","","0","55"
"OL-3689","TRN-10480","C301","1","55","0","55"
"OL-3690","TRN-10481","P201","2","70","0.1","126"
" OL-3692 ","TRN-10481"," P103 ","3","95","0.1","256.5"
"#N/A","TRN-10482"," C301 ","2","55","0.1","99"
"OL-3694","TRN-10483","","","65","0","130"
"OL-3695","TRN-10483","P102","2","80","0","160"
"OL-3696"," TRN-10483 ","P202","3","65","0","195"
" OL-3697 ","TRN-10483","P203","3","68","0","204"
"OL-3698","#N/A","P202","2","65","0","130"
"OL-3699",""," C303 ","1","60","0","60"
"OL-3700","TRN-10485","","1","85","0","85"
" OL-3701 ","TRN-10485","P201","3","70","0","210"
"OL-3701","TRN-10485","P201","3","70","0","210"
"OL-3703","TRN-10487","C303","1","60","0","60"
"OL-3703","TRN-10487","C303","1","60","0","60"
"OL-3705"," TRN-10487 ","C302","1","50","0","50"
"OL-3705","TRN-10487","C302","1","50","0","50"
"OL-3707","","C302","2","50","0","100"
"OL-3707","TRN-10488","C302","2","50","0","100"
"OL-3709","TRN-10489","P103","3","95","0","285"
"OL-3710",""," C301 ","3","55","0","165"
"","TRN-10490","P202","3","65","0","195"
"OL-3712","TRN-10491"," P202 ","3","","0","195"
"OL-3712","TRN-10491","P202","3","65","0","195"
"OL-3713","TRN-10491","P203","1","68","0","68"
"OL-3715","TRN-10492","P101","1","85","","80.75"
"OL-3715","TRN-10492","P101","1","85","0.05","80.75"
"#N/A","TRN-10492","P102","1","80","0.05","76"
"OL-3718","TRN-10493","P103","3","95","0","285"
"OL-3719"," TRN-10493 ","P102","3","80","0","240"
" OL-3720 ","TRN-10494","P203","3","68","0","204"
"OL-3720","TRN-10494","P203","3","68","0","204"
"OL-3722","TRN-10494","C301","1","55","0","55"
"OL-3723","TRN-10495","P102","3","80","0","240"
"OL-3724","TRN-10495","C302","1","50","0",""
"OL-3725","TRN-10496","P101","1","85","0","85"
"OL-3726"," TRN-10496 ","","1","60","0",""
"OL-3727"," TRN-10496 ","C303","3","60","0","180"
"","TRN-10497","P202","2","65","0","130"
" OL-3729 ","TRN-10497","","","68","0",""
"OL-3730","TRN-10497","P203","3","68","0","204"
"OL-3731","TRN-10498","P203","1","68","0","68"
"OL-3732"," TRN-10498 ","P102","3","80","0","240"
"OL-3733","TRN-10498","P203","1","68","0","68"
"OL-3734"," TRN-10498 ","C304","1","58","0","58"
"OL-3734","TRN-10498","C304","1","58","0","58"
"OL-3736","TRN-10499","P201","1","70","0","70"
"OL-3737","TRN-10499","P101","3","85","","255"
"OL-3738","TRN-10500","C303","3","60","0.15","153"
" OL-3739 ","","P102","1","80","0.15","68"
"OL-3740","TRN-10500","P102","3","80","0.15","204"
"OL-3741","TRN-10500","#N/A","1","80","0.15","68"
"OL-3742","TRN-10501","P101","","","0","170"
"OL-3743","TRN-10501"," C303 ","3","60","0",""
"OL-3744","TRN-10502"," C302 ","1","50","0","50"
" OL-3745 ","TRN-10502","P203","2","68","0","136"
"OL-3745","TRN-10502","P203","2","68","0","136"
"OL-3747","TRN-10503","","1","65","0.05","61.75"
" OL-3748 ","TRN-10503","P201","","70","0.05","66.5"
" OL-3749 ","TRN-10503","P103","1","95","0.05","90.25"
"OL-3750","TRN-10504","C303","1","60","0","60"
"OL-3751","","P101","1","85","0","85"
"OL-3752"," TRN-10505 ","P102","2","80","0","160"
"","TRN-10506","C304","2","58","0.05","110.2"
"OL-3754","","P102","3","80","0.05","228"
"OL-3755","TRN-10506","P202","1","65","0.05",""
"OL-3755","TRN-10506","P202","1","65","0.05","61.75"
"OL-3757","TRN-10507","P202","2","","0","130"
"OL-3758","TRN-10508","","","85","0","170"
" OL-3759 ","TRN-10508","C301","1","55","0",""
"#N/A","TRN-10508","C301","2","55","0","110"
"OL-3761","TRN-10508","P202","1","65","0","65"
"OL-3762","TRN-10509","P103","1","","0","95"
""," TRN-10509 ","P202","3","65","0","195"
"OL-3763","TRN-10509","P202","3","65","0","195"
" OL-3765 "," TRN-10511 ","P102","3","80","","216"
"OL-3766","TRN-10511","C301","2","55","0.1","99"
"OL-3767","TRN-10512","#N/A","1","","0.05","47.5"
"OL-3767","TRN-10512","C302","1","50","0.05","47.5"
"OL-3769","TRN-10513"," P102 ","3","80","0","240"
"OL-3770","TRN-10513","C304","3","58","0","174"
"OL-3771","TRN-10514","P101","3","85","","255"
"OL-3772","TRN-10514","P202","3","65","0","195"
"#N/A"," TRN-10515 ","P202","2","65","0","130"
"OL-3774"," TRN-10515 ","P203","3","68","0","204"
"OL-3775","TRN-10516","P101","3","","0.15","216.75"
"OL-3776","TRN-10516","C302","2","50","0.15","85"
"OL-3777","TRN-10516","C304","3","","0.15","147.9"
" OL-3778 ","TRN-10517","C302","3","50","0.1","135"
"OL-3779"," TRN-10517 ","C302","2","50","0.1","90"
"OL-3780","TRN-10518","P102","1","80","0","80"
" OL-3781 "," TRN-10518 ","C301","2","55","0","110"
" OL-3782 ","","#N/A","1","85","0","85"
"OL-3783","TRN-10520","P101","","85","0","85"
"OL-3784","TRN-10520"," P101 ","","85","0",""
" OL-3785 ","TRN-10520"," P202 ","1","65","0","65"
"","TRN-10521","","1","70","0.1","63"
"OL-3787","TRN-10522","P101","2","85","0","170"
"OL-3788","TRN-10522","C304","3","58","0","174"
"OL-3789","","","3","80","0","240"
"OL-3790","","P101","1","85","0","85"
"OL-3790","TRN-10522","P101","1","85","0","85"
"OL-3791","TRN-10523","C303","3","60","0","180"
"OL-3793","TRN-10524"," P202 ","2","65","0","130"
"OL-3794","TRN-10525","C301","1","55","0.1","49.5"
"","TRN-10525","P201","3","","0.1","189"
"OL-3796","TRN-10525","C302","2","50","0.1","90"
"OL-3797","TRN-10526","P202","1","65","0","65"
"#N/A","TRN-10526","P101","2","85","0","170"
"OL-3799","TRN-10526","C304","3","58","0","174"
"OL-3800","TRN-10527","P203","1","68","0","68"
"OL-3801","TRN-10528","P203","1","68","","68"
"OL-3801","TRN-10528","P203","1","68","0","68"
"OL-3802","TRN-10528","C301","2","55","0","110"
" OL-3804 "," TRN-10529 ","C301","1","55","0.05","52.25"
"OL-3804","TRN-10529","C301","1","55","0.05","52.25"
"#N/A","TRN-10529","C303","2","","0.05","114"
"OL-3806","TRN-10529","C303","2","60","0.05","114"
"OL-3808"," TRN-10530 "," P102 ","2","80","","152"
"","TRN-10531","C302","2","50","0","100"
"#N/A","","C303","3","","0","180"
"OL-3811","#N/A","C302","2","50","0","100"
"OL-3811","TRN-10532","C302","2","50","0","100"
"OL-3812","TRN-10532","C302","1","50","0","50"
"OL-3814","TRN-10533","P203","3","68","0.1","183.6"
"OL-3814","TRN-10533","P203","3","68","0.1","183.6"
"OL-3816","TRN-10534","P203","1","68","0.05","64.6"
"OL-3817","TRN-10534","C301","1","55","0.05","52.25"
" OL-3818 ","TRN-10535","P202","2","65","0","130"
"OL-3818","TRN-10535","P202","2","65","0","130"
"OL-3820","TRN-10536","C304","3","58","0",""
"OL-3821","TRN-10537"," P103 ","2","95","0",""
"OL-3822","","P201","","70","0","140"
"OL-3823","TRN-10537","P102","1","80","","80"
"OL-3824","TRN-10537","P201","1","70","0",""
"OL-3825","TRN-10538","C304","1","58","0","58"
"OL-3826","TRN-10539","P202","3","65","0","195"
" OL-3827 ","TRN-10540","P201","3","70","0.05","199.5"
"OL-3828","TRN-10540","P201","3","70","0.05","199.5"
"OL-3828","TRN-10540","P201","3","70","0.05","199.5"
"OL-3829","TRN-10540","P103","3","95","0.05","270.75"
"OL-3830","TRN-10540","C304","3","58","0.05","165.3"
"OL-3831","TRN-10541","C302","3","50","0","150"
"OL-3833","TRN-10541","P203","2","68","0","136"
"OL-3834","TRN-10542","","1","80","0","80"
"#N/A","TRN-10542","P203","3","68","0","204"
" OL-3836 ","TRN-10542","P102","1","80","0","80"
"OL-3836","TRN-10542","P102","1","80","0","80"
"OL-3837","TRN-10543","C301","1","55","0.1","49.5"
"OL-3839","TRN-10544","P203","3","68","0","204"
"OL-3840","TRN-10544"," C303 ","3","60","0","180"
"OL-3841","TRN-10544","C304","2","58","0","116"
"OL-3842","TRN-10544"," P103 ","1","95","0","95"
"OL-3843","","P201","","","0","140"
"OL-3844","TRN-10546"," P102 ","3","80","","216"
" OL-3845 ","","","2","80","0.1","144"
"#N/A","TRN-10546","P201","","70","0.1","189"
"OL-3847","TRN-10546","","3","68","0.1","183.6"
" OL-3848 ","TRN-10547","","1","","0","68"
"OL-3849","TRN-10547","","","65","0","195"
"OL-3850","TRN-10548","C302","2","50","0","100"
"#N/A","TRN-10549","","2","70","0","140"
"OL-3852","TRN-10549","C303","3","60","0","180"
"OL-3853","TRN-10550","P103","1","95","0.1","85.5"
"OL-3853","TRN-10550","P103","1","95","0.1","85.5"
"OL-3855","TRN-10550"," C303 ","1","60","0.1","54"
"OL-3855","TRN-10550","C303","1","60","0.1","54"
"OL-3857",""," C302 ","3","50","0","150"
"#N/A","TRN-10551","P201","1","70","0","70"
"OL-3859","TRN-10552","C301","3","","0","165"
"OL-3860","TRN-10552","C301","2","55","","110"
"OL-3861","TRN-10552","P102","3","80","0","240"
"OL-3862"," TRN-10552 ","P201","2","70","0","140"
"OL-3862","TRN-10552","P201","2","70","0","140"
"OL-3864","TRN-10553","P102","1","80","0.05","76"
"OL-3865","TRN-10554","","2","55","0","110"
"OL-3866","TRN-10554","C301","3","55","0","165"
"OL-3867","","C301","","55","0","55"
"#N/A","TRN-10555","C304","2","58","0","116"
"OL-3869","","C303","","60","0","120"
"OL-3869","TRN-10555","C303","2","60","0","120"
"OL-3871","TRN-10556","P203","1","68","0.05","64.6"
"OL-3872","TRN-10556","C301","3","55","0.05","156.75"
"OL-3872","TRN-10556","C301","3","55","0.05","156.75"
"OL-3874","TRN-10557","C303","3","60","0","180"
"OL-3875","","C301","1","55","0","55"
"OL-3876","TRN-10558"," P103 ","2","95","0","190"
"OL-3876","TRN-10558","P103","2","95","0","190"
"OL-3878"," TRN-10559 ","P201","","70","","210"
"OL-3879"," TRN-10559 ","P201","3","70","0","210"
"","TRN-10559","#N/A","2","50","","100"
"OL-3881","TRN-10560","P102","1","80","","80"
"OL-3882","TRN-10561","C304","2","58","0.1","104.4"
"OL-3883","TRN-10561"," P102 ","3","80","0.1","216"
"OL-3884","","P201","1","70","0.1","63"
"OL-3885","TRN-10561","C304","2","","0.1","104.4"
"OL-3886","TRN-10562","P102","","80","0","240"
"OL-3887","TRN-10562","P101","1","85","","85"
"OL-3888","TRN-10562","P202","3","65","0",""
" OL-3889 ","TRN-10562","C303","","60","0","60"
"","","P101","1","85","0","85"
" OL-3891 ","TRN-10563","C301","3","55","","165"
"OL-3892","TRN-10563","C301","","55","0","165"
"#N/A","TRN-10563","P203","2","68","0","136"
"#N/A","TRN-10564","C302","2","50","0","100"
"OL-3894","TRN-10564","C302","2","50","0","100"
"OL-3896","TRN-10565","C301","","55","0","110"
"OL-3897","TRN-10565","P101","2","85","0",""
" OL-3898 ","TRN-10566","P201","1","70","0","70"
"OL-3899","TRN-10567","C304","1","58","0.05","55.1"
"OL-3900","","C303","3","60","0.05","171"
"OL-3901","TRN-10568"," P201 ","1","","0.05","66.5"
"OL-3902"," TRN-10568 ","C301","2","55","0.05","104.5"
"OL-3902","TRN-10568","C301","2","55","0.05","104.5"
"OL-3904","TRN-10569","P103","1","95","0","95"
"OL-3905","","C301","1","55","0","55"
"OL-3906","TRN-10570","C303","3","60","0","180"
"","TRN-10570","P202","3","65","0","195"
"OL-3908","TRN-10570","C302","2","50","0","100"
"OL-3909","TRN-10570","C303","1","60","0","60"
"OL-3910"," TRN-10571 ","C303","3","60","0","180"
" OL-3911 ","TRN-10571"," P201 ","2","70","0","140"
"OL-3912","TRN-10572","C302","3","50","0.15","127.5"
""," TRN-10572 ","C301","3","55","0.15","140.25"
"","TRN-10573","P101","3","","0","255"
"OL-3915","TRN-10574","P201","3","70","0","210"
"OL-3916","TRN-10574","P102","1","80","0","80"
"OL-3916","TRN-10574","P102","1","80","0","80"
"OL-3918","#N/A","P101","1","","0","85"
"OL-3918","TRN-10575","P101","1","85","0","85"
"OL-3920","TRN-10575","P102","3","80","0","240"
"OL-3920","TRN-10575","P102","3","80","0","240"
"OL-3921","TRN-10575","P101","3","85","0","255"
"OL-3922","TRN-10576","C302","3","50","0.05","142.5"
"OL-3924","TRN-10576","P201","2","70","","133"
"OL-3925","TRN-10576","C302","1","50","0.05","47.5"
"OL-3926","TRN-10577","P203","2","68","0.05","129.2"
"OL-3927","TRN-10577","","1","58","0.05","55.1"
"OL-3928","TRN-10577"," C303 ","1","60","0.05","57"
" OL-3929 ","TRN-10577"," P101 ","1","85","0.05","80.75"
" OL-3930 ","TRN-10578","P202","3","65","0","195"
"OL-3931","TRN-10578","P103","1","95","0","95"
"OL-3932","TRN-10578","C304","3","","0","174"
"OL-3933","TRN-10579","P101","2","85","0.15","144.5"
" OL-3934 ","TRN-10579","C302","1","","0.15","42.5"
" OL-3935 ","TRN-10580","P103","1","95","","80.75"
"OL-3935","TRN-10580","P103","1","95","0.15","80.75"
"OL-3937","TRN-10580","P103","2","95","0.15","161.5"
" OL-3938 ","TRN-10581","P103","3","95","0.05","270.75"
"OL-3939","","","2","85","","170"
"OL-3940","TRN-10582","C303","1","60","0","60"
"OL-3941","TRN-10582","C302","3","50","0","150"
" OL-3942 "," TRN-10583 ","C303","3","60","0.05","171"
"OL-3943","TRN-10583","P102","1","80","0.05","76"
"OL-3944","TRN-10583","C303","2","60","0.05","114"
"OL-3945","","C303","1","60","0","60"
"OL-3946","TRN-10584","P102","1","","0","80"
"OL-3947","","C304","3","58","0.05","165.3"
"OL-3947","TRN-10585","C304","3","58","0.05","165.3"
"OL-3949","TRN-10586","C303","","60","0.05","114"
"OL-3950","TRN-10586"," P201 ","3","70","0.05","199.5"
" OL-3951 "," TRN-10586 ","P101","2","","0.05","161.5"
"OL-3951","TRN-10586","P101","2","85","0.05","161.5"
"OL-3952","TRN-10587","C304","3","58","0","174"
" OL-3954 ","TRN-10587","P203","2","68","0","136"
"","","C302","1","50","0",""
"OL-3956","TRN-10589","C301","3","55","0.1","148.5"
"OL-3956","TRN-10589","C301","3","55","0.1","148.5"
"OL-3958","TRN-10589","P103","2","95","0.1","171"
" OL-3959 ","TRN-10590","C303","3","60","0.05","171"
"OL-3960"," TRN-10590 ","C302","","50","0.05","142.5"
"OL-3960","TRN-10590","C302","3","50","0.05","142.5"
"OL-3962","TRN-10590","C304","3","58","0.05","165.3"
"OL-3963"," TRN-10591 ","C302","3","50","0.15","127.5"
"OL-3964","TRN-10591","C302","","50","0.15","85"
"OL-3965","TRN-10592","P202","2","65","0","130"
"OL-3966","TRN-10592","P103","3","","0","285"
"#N/A"," TRN-10592 ","C301","2","55","0","110"
"","TRN-10593","P201","2","70","0","140"
"OL-3969","TRN-10593","P201","2","70","0","140"
"OL-3970"," TRN-10594 ","P101","","85","0","170"
"OL-3971"," TRN-10595 ","P103","2","","0","190"
"OL-3972","TRN-10595","P102","","80","0","160"
" OL-3973 ","TRN-10595","P203","3","68","0","204"
"OL-3974","","P101","3","85","0","255"
"OL-3974","TRN-10595","P101","3","85","0","255"
"","TRN-10596","P202","2","65","","130"
" OL-3977 ","TRN-10597","P102","3","80","0","240"
"OL-3978","TRN-10597","P201","3","70","0","210"
"OL-3979",""," P203 ","1","68","0","68"
"OL-3980"," TRN-10598 ","C304","1","58","0","58"
"OL-3981","TRN-10598","C303","1","60","0","60"
"","TRN-10598"," C301 ","1","55","0","55"
"OL-3983","","P101","1","85","","85"
"OL-3984"," TRN-10599 ","P202","","65","0.1","58.5"
"OL-3984","TRN-10599","P202","1","65","0.1","58.5"
"OL-3986"," TRN-10600 ","P102","2","80","0","160"
" OL-3987 ","TRN-10600","","3","","0","180"
"OL-3988","TRN-10601","","1","","0",""
"OL-3988","TRN-10601","C302","1","50","0","50"
"#N/A","TRN-10602"," P202 ","1","65","0","65"
"OL-3991","TRN-10603","C302","1","50","","42.5"
"OL-3992","TRN-10603","C302","1","50","0.15","42.5"
"OL-3993","TRN-10603","C304","2","58","","98.6"
"","TRN-10604","C303","","60","0","180"
"OL-3995","TRN-10605","P101","1","","0","85"
"OL-3996","TRN-10605","","1","55","0","55"
"OL-3996","TRN-10605","C301","1","55","0","55"
" OL-3998 ","TRN-10606","P201","1","70","0","70"
"OL-3998","TRN-10606","P201","1","70","0","70"
"OL-4000"," TRN-10606 ","C303","3","60","0","180"
"OL-4001"," TRN-10607 ","#N/A","2","80","0","160"
"OL-4002","TRN-10607","C301","2","55","0","110"
"OL-4003","TRN-10608","C304","3","58","0","174"
"OL-4003","TRN-10608","C304","3","58","0","174"
"OL-4005","TRN-10609","P102","3","80","0.05","228"
"OL-4006","TRN-10610","C303","1","60","0","60"
"","TRN-10610","C303","1","60","0","60"
"OL-4008","TRN-10610","P102","1","80","","80"
"OL-4009","#N/A","P103","2","95","0","190"
"OL-4010","TRN-10611","C301","2","55","0","110"
"","TRN-10611","P102","3","80","0","240"
"OL-4012","TRN-10611","P103","2","95","0","190"
"OL-4013","TRN-10612","P201","2","70","0.05","133"
"OL-4013","TRN-10612","P201","2","70","0.05","133"
"OL-4014","TRN-10612","C303","2","60","0.05","114"
"OL-4016","TRN-10612","P203","2","","","129.2"
"OL-4017"," TRN-10613 ","P201","1","70","0.15","59.5"
"#N/A","","P202","2","65","0.15","110.5"
"","TRN-10613","C302","1","50","0.15","42.5"
"OL-4020","TRN-10613"," P103 ","1","95","0.15","80.75"
"OL-4021","TRN-10614","","2","85","0",""
"OL-4021","TRN-10614","P101","2","85","0","170"
" OL-4023 ","TRN-10614"," C304 ","3","58","0","174"
"OL-4024","TRN-10614","P102","2","80","0","160"
"OL-4025","TRN-10615","P102","3","80","0","240"
"OL-4026","TRN-10616","P103","2","95","","190"
" OL-4027 ","TRN-10617","","1","58","0","58"
"OL-4028","TRN-10617","C301","2","55","0","110"
"OL-4028","TRN-10617","C301","2","55","0","110"
"OL-4030","TRN-10619","C303","2","60","0","120"
"OL-4031","TRN-10620","","","","0","80"
"OL-4031","TRN-10620","P102","1","80","0","80"
"OL-4033","TRN-10620"," C301 ","1","55","0","55"
"OL-4034",""," C303 ","3","60","0.05","171"
"OL-4035","TRN-10622","","1","80","0","80"
"OL-4036","TRN-10622","","3","58","0","174"
"OL-4037"," TRN-10622 ","P203","1","68","0",""
"OL-4038","TRN-10623","","2","58","","116"
"OL-4039",""," C302 ","","50","0","50"
"OL-4039","TRN-10624","C302","1","50","0","50"
"OL-4041","TRN-10625","P202","1","65","0.15","55.25"
" OL-4042 ","TRN-10625","","1","80","0.15","68"
"OL-4043","TRN-10625","P202","1","65","0.15",""
"OL-4044","#N/A","P103","","95","0.1","171"
"OL-4045"," TRN-10626 ","P201","1","70","","63"
"OL-4046","TRN-10627","P202","2","65","","130"
"OL-4047","TRN-10627","C301","2","","0","110"
"OL-4048","TRN-10627","P101","3","85","0","255"
"OL-4048","TRN-10627","P101","3","85","0","255"
"OL-4050"," TRN-10628 ","P202","1","","","65"
"OL-4051","TRN-10628","P102","1","80","0","80"
"OL-4052","TRN-10628","P103","2","","0","190"
"OL-4053","TRN-10628","C303","","60","0","180"
"OL-4054","TRN-10629","C304","1","58","0","58"
""," TRN-10629 ","","1","50","0","50"
"OL-4056","TRN-10629","P201","1","70","0","70"
"OL-4057","TRN-10630","P202","2","65","",""
"OL-4058","TRN-10630","P202","1","65","","65"
"","TRN-10630","C302","2","","0","100"
" OL-4060 ","TRN-10631","C302","3","50","0","150"
"OL-4061","TRN-10631","C302","1","50","0",""
"OL-4061","TRN-10631","C302","1","50","0","50"
"OL-4063","TRN-10632","P203","1","68","0","68"
"OL-4064","TRN-10632","","1","80","0","80"
"#N/A","","C304","2","","0","116"
"OL-4066","TRN-10632","P101","3","","0","255"
"OL-4067","","P202","1","65","0","65"
"OL-4067","TRN-10633","P202","1","65","0","65"
"OL-4068","TRN-10633","P103","2","95","0","190"
"OL-4070"," TRN-10634 ","C303","1","60","0","60"
"OL-4071","TRN-10635","P203","","68","0","204"
"OL-4071","TRN-10635","P203","3","68","0","204"
"OL-4073","TRN-10637","C302","1","50","0","50"
"OL-4073","TRN-10637","C302","1","50","0","50"
"OL-4075","TRN-10637","C303","2","","0",""
"OL-4076","TRN-10637"," C302 ","1","50","","50"
"OL-4077","TRN-10638","P102","1","80","0.05",""
"OL-4077","TRN-10638","P102","1","80","0.05","76"
"OL-4079","TRN-10638","","3","85","0.05","242.25"
"OL-4079","TRN-10638","P101","3","85","0.05","242.25"
"OL-4081","TRN-10639","","3","85","0.05","242.25"
"OL-4082"," TRN-10639 ","P202","1","65","0.05","61.75"
"OL-4083"," TRN-10639 ","#N/A","","85","0.05","80.75"
"OL-4084","","P203","2","","0.05","129.2"
""," TRN-10640 ","#N/A","1","95","0.05","90.25"
"OL-4086","TRN-10641","P201","2","70","0.15","119"
"OL-4087"," TRN-10641 ","P203","","","0.15","115.6"
"OL-4088","","C303","3","60","0","180"
"OL-4089","TRN-10643","P102","2","80","0",""
"OL-4090"," TRN-10643 ","C302","1","50","0","50"
"OL-4091","TRN-10643","","3","60","0",""
"OL-4092","","C301","3","55","0","165"
"OL-4093"," TRN-10644 ","C304","3","58","0","174"
"OL-4094","TRN-10644","P103","1","95","0","95"
"OL-4095","TRN-10644","P201","2","","0","140"
"OL-4096","TRN-10644"," C304 ","1","58","0","58"
"OL-4096","TRN-10644","C304","1","58","0","58"
"OL-4098","TRN-10645","C303","2","60","0.05","114"
"OL-4098","TRN-10645","C303","2","60","0.05","114"
"OL-4100"," TRN-10646 ","C304","3","58","0","174"
"","TRN-10646","P102","3","80","0","240"
"OL-4102"," TRN-10647 ","C304","2","58","0","116"
"OL-4103","TRN-10647","","2","50","0","100"
"OL-4104"," TRN-10648 "," P103 ","2","95","0","190"
"OL-4105","TRN-10649","C304","3","58","0.05","165.3"
"OL-4106","TRN-10649","C304","1","58","0.05","55.1"
"OL-4107","TRN-10650","P203","3","68","","204"
"OL-4108","TRN-10650","","2","50","0","100"
"OL-4108","TRN-10650","C302","2","50","0","100"
"OL-4109","TRN-10650","C304","2","58","0","116"
"OL-4111","TRN-10651","P101","","85","","255"
"OL-4112","","P203","2","68","0","136"
"OL-4112","TRN-10652","P203","2","68","0","136"
"OL-4114"," TRN-10652 ","C303","3","60","0","180"
"OL-4115"," TRN-10653 ","P202","1","65","0","65"
"OL-4116","TRN-10653","C302","2","50","0","100"
"OL-4117","TRN-10654"," C303 ","2","60","0.05","114"
"OL-4118","TRN-10654"," P203 ","2","68","0.05","129.2"
"OL-4119","TRN-10654","P201","1","70","0.05","66.5"
"OL-4120","TRN-10654","C301","3","55","0.05","156.75"
" OL-4121 ","TRN-10655","C302","1","50","0","50"
"#N/A","#N/A","C301","1","55","0","55"
"OL-4123","TRN-10657","P201","3","70","0","210"
"OL-4124",""," C302 ","","50","0","100"
" OL-4125 ","TRN-10657","C304","1","58","0","58"
"OL-4126","#N/A","P102","1","80","0","80"
"OL-4127","TRN-10658","P202","3","65","0","195"
"OL-4128","TRN-10659","P102","3","80","0.05","228"
"OL-4128","TRN-10659","P102","3","80","0.05","228"
"OL-4129","TRN-10659","C303","2","60","0.05","114"
"OL-4131","TRN-10660","C303","2","60","0",""
"OL-4132","TRN-10660","C304","2","58","0","116"
"OL-4133"," TRN-10660 "," P203 ","3","68","0","204"
"OL-4133","TRN-10660","P203","3","68","0","204"
"OL-4135","TRN-10661"," C303 ","1","60","0","60"
"OL-4135","TRN-10661","C303","1","60","0","60"
" OL-4137 ","TRN-10662","C303","2","60","0","120"
"OL-4138","TRN-10663","P202","1","65","0.1","58.5"
"OL-4138","TRN-10663","P202","1","65","0.1","58.5"
"OL-4140","TRN-10664","","","58","0.15","98.6"
"OL-4141","TRN-10664","C304","3","58","0.15","147.9"
"OL-4142","","C303","2","60","0.15","102"
"OL-4143","TRN-10665","P103","3","95","","285"
" OL-4144 "," TRN-10665 ","P103","1","95","","95"
"OL-4145","TRN-10666","P203","2","68","0.05","129.2"
"OL-4146","TRN-10666","C304","1","58","0.05","55.1"
"OL-4147","TRN-10666","C303","1","","0.05","57"
"#N/A","","P103","1","95","0.05","90.25"
"OL-4148","TRN-10666","P103","1","95","0.05","90.25"
" OL-4150 ","TRN-10667"," C303 ","2","","0","120"
"OL-4151","TRN-10667","#N/A","1","","0","50"
"OL-4152","TRN-10667","C301","3","55","","165"
"OL-4152","TRN-10667","C301","3","55","0","165"
"OL-4154","TRN-10668","P203","3","","0","204"
"OL-4155","TRN-10668","C301","1","55","0","55"
"OL-4156","TRN-10669","C302","2","50","0.05","95"
"OL-4157"," TRN-10669 ","P102","2","80","0.05","152"
"OL-4158","TRN-10669","C304","3","58","0.05",""
"OL-4159","TRN-10670"," C301 ","1","55","0","55"
"OL-4160","TRN-10670","C304","2","58","0","116"
"OL-4161","TRN-10671","P102","1","80","0","80"
"OL-4161","TRN-10671","P102","1","80","0","80"
"OL-4163","TRN-10671","P101","3","85","0","255"
"OL-4164","","P101","3","85","0","255"
"OL-4165"," TRN-10673 ","","2","68","0","136"
"OL-4166","","C303","3","60","0","180"
"OL-4167","TRN-10674","C304","2","58","0","116"
"OL-4168"," TRN-10674 ","P101","1","85","0",""
"OL-4169","TRN-10675","P202","1","65","0","65"
"OL-4170"," TRN-10675 ","P201","3","70","0","210"
"OL-4171"," TRN-10675 ","P102","1","80","0",""
"OL-4172","TRN-10675","P102","3","80","0",""
"OL-4173","TRN-10676","C304","1","58","0","58"
"#N/A","TRN-10676","","2","60","0","120"
" OL-4175 ","TRN-10676","P103","","95","0","95"
"OL-4175","TRN-10676","P103","1","95","0","95"
"OL-4177","TRN-10677","P101","","85","0.05","161.5"
"OL-4178","TRN-10677","P101","3","85","","242.25"
"OL-4179","TRN-10677","C304","2","58","0.05","110.2"
"OL-4179","TRN-10677","C304","2","58","0.05","110.2"
"OL-4181",""," P102 ","1","80","","76"
"OL-4181","TRN-10678","P102","1","80","0.05","76"
"","TRN-10680"," C301 ","3","","0.1","148.5"
"OL-4184","TRN-10680","P202","","65","0.1","117"
"OL-4185","TRN-10680","P202","2","65","0.1","117"
"OL-4186","TRN-10681","P201","3","","0.1","189"
"OL-4187","TRN-10681"," P202 ","1","65","0.1",""
"OL-4188","TRN-10681","P103","1","95","0.1","85.5"
"OL-4189"," TRN-10681 ","P203","3","68","0.1",""
"","TRN-10682","","","65","0","195"
"OL-4191","","P202","2","65","0","130"
"OL-4192","TRN-10683","P102","1","80","0","80"
"","","C303","3","60","0.1","162"
"OL-4194","TRN-10685","P103","2","95","0","190"
"OL-4194","TRN-10685","P103","2","95","0","190"
"OL-4196","TRN-10686","P203","1","68","0.1","61.2"
""," TRN-10686 ","P201","3","70","0.1","189"
"OL-4198","TRN-10686","P103","3","95","0.1","256.5"
"OL-4199","TRN-10687","","","85","0.15","144.5"
"OL-4199","TRN-10687","P101","2","85","0.15","144.5"
" OL-4201 "," TRN-10687 ","P202","3","65","0.15","165.75"
"OL-4202","TRN-10688","P103","3","95","0","285"
"OL-4202","TRN-10688","P103","3","95","0","285"
"OL-4204","TRN-10688","P103","2","95","0","190"
" OL-4205 ",""," P101 ","1","85","0.15",""
"OL-4206","TRN-10690"," P101 ","2","85","0","170"
"OL-4207"," TRN-10690 "," P103 ","3","95","0","285"
"OL-4208","TRN-10691","P203","1","68","0.15","57.8"
"OL-4209","TRN-10691","P101","2","85","0.15","144.5"
"OL-4210"," TRN-10692 "," P103 ","","95","0","95"
" OL-4211 ","TRN-10692"," P201 ","3","70","0",""
"OL-4212","TRN-10693","C301","3","55","0","165"
"OL-4213","TRN-10694","C302","1","50","0.15","42.5"
"OL-4213","TRN-10694","C302","1","50","0.15","42.5"
"","","C304","2","58","","98.6"
" OL-4216 ","TRN-10694","P201","1","70","0.15","59.5"
"",""," C304 ","3","58","0.05","165.3"
"OL-4218"," TRN-10695 ","C304","2","58","0.05","110.2"
"OL-4218","TRN-10695","C304","2","58","0.05","110.2"
"OL-4220",""," P101 ","3","85","0.05","242.25"
"OL-4221","TRN-10696","","1","58","","58"
"OL-4222","TRN-10696"," C304 ","","58","0","174"
"OL-4223","TRN-10696","C301","2","55","0","110"
"OL-4224"," TRN-10697 ","P101","2","85","0","170"
" OL-4225 ","TRN-10698","P102","3","80","0","240"
"OL-4226","TRN-10698","P101","1","","0","85"
"OL-4227","TRN-10699","C301","2","55","",""
"OL-4228","TRN-10700","P102","1","80","0","80"
"OL-4229","TRN-10701","C302","2","","0","100"
"OL-4230"," TRN-10702 ","P102","3","","0","240"
"OL-4231","TRN-10702","C304","2","58","0","116"
"OL-4232","TRN-10702"," C303 ","1","60","0","60"
"OL-4232","TRN-10702","C303","1","60","0","60"
"OL-4233","TRN-10702","C301","3","55","0","165"
"OL-4234","TRN-10703","P202","1","65","0","65"
"OL-4236","TRN-10704","P202","3","","","175.5"
" OL-4237 ","TRN-10704","P202","1","65","0.1","58.5"
"OL-4237","TRN-10704","P202","1","65","0.1","58.5"
"OL-4239","TRN-10705"," P203 ","2","68","0","136"
"OL-4240"," TRN-10705 ","","3","95","0","285"
"OL-4241","","C301","3","55","0","165"
"","TRN-10706","","1","68","0","68"
"OL-4243","TRN-10706","P201","3","70","0","210"
"OL-4244"," TRN-10707 ","C302","2","50","0","100"
"OL-4245","","P101","3","85","","255"
"OL-4246","TRN-10707","C301","2","55","0","110"
"OL-4247","TRN-10707","P101","2","85","","170"
"OL-4247","TRN-10707","P101","2","85","0","170"
"OL-4249","TRN-10708","P203","1","68","0",""
"OL-4250"," TRN-10708 ","","2","60","0","120"
"OL-4251","TRN-10709","P102","2","80","0","160"
"OL-4252","TRN-10709","P202","3","65","0","195"
"OL-4253","TRN-10709"," P102 ","2","","0","160"
"OL-4254","TRN-10709"," P202 ","","65","","195"
"OL-4255","TRN-10710","","3","68","0","204"
"OL-4255","TRN-10710","P203","3","68","0","204"
"OL-4256","TRN-10710","C302","3","50","0","150"
"OL-4258","TRN-10711","C301","2","","0","110"
"OL-4259","","P202","2","","0","130"
"#N/A","TRN-10712","P201","1","70","0","70"
" OL-4261 ","TRN-10712","C301","3","55","0",""
"OL-4262","TRN-10713","","3","65","0","195"
"OL-4263","TRN-10713","","1","60","0","60"
"OL-4263","TRN-10713","C303","1","60","0","60"
"OL-4265","TRN-10714","C302","3","50","0.05","142.5"
"OL-4265","TRN-10714","C302","3","50","0.05","142.5"
"OL-4267","","C302","2","50","0.05","95"
"OL-4267","TRN-10714","C302","2","50","0.05","95"
"","TRN-10715","P101","3","85","","255"
" OL-4270 ","TRN-10715","P201","3","70","0","210"
"OL-4271","TRN-10715"," P101 ","2","85","0","170"
"OL-4271","TRN-10715","P101","2","85","0","170"
"OL-4273","TRN-10716"," C302 ","2","50","",""
"OL-4274","TRN-10717","C301","1","55","0","55"
"OL-4275"," TRN-10717 "," C301 ","1","55","0","55"
"OL-4276","TRN-10717","P202","1","65","0","65"
"OL-4277","TRN-10718","C304","3","58","0.05","165.3"
"OL-4278","TRN-10718","P203","2","68","0.05","129.2"
"OL-4279","TRN-10719","P202","3","65","0","195"
"OL-4280","TRN-10720","P102","2","80","0.15","136"
"OL-4281","TRN-10720","P201","1","70","0.15","59.5"
"OL-4282","TRN-10721","C301","3","55","0.1","148.5"
"OL-4283","TRN-10721","P103","2","","0.1","171"
"OL-4284","","C303","1","60","0.1",""
"OL-4285","TRN-10722","P202","1","65","0","65"
"","","P201","3","70","0","210"
"OL-4287","TRN-10722","P101","2","","0","170"
"OL-4288","TRN-10722","P102","","80","0","80"
"OL-4289","TRN-10723","P102","","80","0.15","68"
"OL-4289","TRN-10723","P102","1","80","0.15","68"
"OL-4291","TRN-10723","C301","2","55","0.15","93.5"
"OL-4291","TRN-10723","C301","2","55","0.15","93.5"
"OL-4293","TRN-10724","C302","","50","0",""
"OL-4294","TRN-10724","C303","1","60","",""
"OL-4295","TRN-10725","P202","1","65","0",""
"OL-4296","TRN-10725","P101","1","85","0","85"
"OL-4297","","C302","1","","","50"
"OL-4298","TRN-10725"," C304 ","2","58","0","116"
"","","P202","3","65","0.15","165.75"
"OL-4300"," TRN-10726 ","","2","95","0.15","161.5"
"OL-4301","TRN-10726"," P102 ","3","","0.15","204"
"OL-4302"," TRN-10727 ","P201","2","70","0","140"
" OL-4303 ","TRN-10727"," P102 ","2","80","0","160"
"OL-4304","TRN-10728","P102","2","80","0.15","136"
"OL-4305","TRN-10728","P202","3","65","0.15","165.75"
"","TRN-10728","P101","3","85","0.15","216.75"
"OL-4307","TRN-10728","P102","3","80","0.15","204"
"OL-4308","","P101","3","85","0","255"
"OL-4309","TRN-10729","P103","2","95","0","190"
"OL-4310","TRN-10729","C301","2","55","0","110"
" OL-4311 ","TRN-10730","C302","1","","0","50"
"OL-4312"," TRN-10730 ","C302","3","50","0","150"
" OL-4313 ","TRN-10730","C302","3","","0","150"
" OL-4314 ","","","1","70","0.15","59.5"
"OL-4315"," TRN-10731 ","P202","2","65","0.15","110.5"
"OL-4316","TRN-10731","C303","2","60","0.15","102"
"OL-4317","TRN-10732","C302","1","50","0.15","42.5"
"OL-4318","TRN-10732"," P101 ","1","85","0.15",""
"OL-4319","TRN-10732","C303","2","60","0.15","102"
"OL-4320","TRN-10732","C301","2","55","0.15","93.5"
"OL-4320","TRN-10732","C301","2","55","0.15","93.5"
"OL-4322"," TRN-10733 "," C302 ","1","50","0","50"
"OL-4322","TRN-10733","C302","1","50","0","50"
" OL-4324 ","TRN-10733","P102","1","80","0","80"
"","TRN-10734","P102","2","80","0","160"
"OL-4325","TRN-10734","P102","2","80","0","160"
"#N/A","TRN-10735"," P102 ","1","80","0.15","68"
" OL-4328 ","","P203","1","68","0","68"
"OL-4328","TRN-10736","P203","1","68","0","68"
"OL-4330","TRN-10736","P101","","85","0","170"
"OL-4331","TRN-10737","C304","1","58","","58"
"OL-4331","TRN-10737","C304","1","58","0","58"
"OL-4332","TRN-10737","P202","2","65","0","130"
"OL-4334"," TRN-10737 ","C303","1","60","0","60"
" OL-4335 ","TRN-10738","P101","2","85","0.1","153"
"OL-4336","TRN-10739","C301","3","55","0","165"
"OL-4337","TRN-10739","P201","3","70","0","210"
"OL-4338"," TRN-10739 "," P202 ","2","65","0","130"
"OL-4339"," TRN-10739 ","C304","3","58","0","174"
"OL-4340","","C304","3","58","0","174"
"OL-4341"," TRN-10740 ","P202","1","65","0","65"
"OL-4342","TRN-10741","P101","2","85","0.15","144.5"
"OL-4343","TRN-10741","","3","50","0.15","127.5"
" OL-4344 ","TRN-10741","P202","2","65","0.15","110.5"
" OL-4345 ","#N/A"," P203 ","2","68","0.15","115.6"
"OL-4346","","P102","1","80","0",""
" OL-4347 ","TRN-10742","C302","2","50","0","100"
"OL-4348","TRN-10743","C301","","","0.1","99"
" OL-4349 ","TRN-10743","P201","2","70","0.1","126"
"OL-4350","TRN-10744","P203","2","68","0.05","129.2"
"","TRN-10744"," C303 ","1","","0.05",""
"OL-4352","TRN-10744","","3","","0.05","242.25"
"OL-4353","TRN-10744","C304","","58","0.05","55.1"
"OL-4354","TRN-10745","P202","2","65","0","130"
"OL-4355","TRN-10745"," P201 ","2","70","","140"
" OL-4356 ","","C302","1","50","0","50"
"OL-4357"," TRN-10747 ","C301","2","55","0","110"
"OL-4358","TRN-10748","P201","1","70","0","70"
"OL-4359","TRN-10748","P202","2","65","0","130"
"OL-4360","TRN-10748","C304","1","58","0","58"
"OL-4361"," TRN-10749 "," C302 ","2","50","0","100"
"OL-4362","TRN-10750","C304","2","58","0.1","104.4"
"OL-4363","TRN-10750","P103","","","0.1","85.5"
"OL-4364"," TRN-10750 ","C304","3","58","0.1","156.6"
" OL-4365 ","TRN-10750","P202","1","65","0.1","58.5"
"OL-4366","TRN-10751","","2","55","0","110"
"OL-4367","","P201","3","70","0","210"
"OL-4368"," TRN-10751 ","#N/A","3","70","0","210"
"","TRN-10752","","3","55","0","165"
"OL-4370","TRN-10753","C304","1","58","0","58"
"OL-4371","TRN-10753","P201","3","70","0",""
"OL-4371","TRN-10753","P201","3","70","0","210"
"OL-4373","","P102","3","80","","240"
""," TRN-10754 "," C304 ","3","58","0.1","156.6"
"OL-4374","TRN-10754","C304","3","58","0.1","156.6"
"","TRN-10754","P202","1","65","0.1","58.5"
"OL-4377","#N/A","","1","50","0.05","47.5"
"","TRN-10755","P103","2","95","","180.5"
"OL-4378","TRN-10755","P103","2","95","0.05","180.5"
"OL-4380","","P201","3","70","0","210"
"OL-4381","TRN-10756","P202","1","65","0",""
"","TRN-10757","P201","3","70","","210"
"OL-4383","TRN-10757","P102","2","80","0","160"
"OL-4384","TRN-10758","P202","3","65","0","195"
"","TRN-10759","P202","2","65","0","130"
"OL-4386","TRN-10759","P202","1","65","0","65"
"#N/A","TRN-10759","C302","2","50","0","100"
"OL-4388","","","2","","","170"
"OL-4388","TRN-10760","P101","2","85","0","170"
"OL-4390","TRN-10760"," P102 ","1","80","0","80"
" OL-4391 "," TRN-10761 ","P202","3","65","0.1","175.5"
"OL-4392","","P201","3","70","0.1","189"
"#N/A","TRN-10762","P202","1","65","0","65"
"OL-4394"," TRN-10762 ","P102","3","80","0","240"
"OL-4395","TRN-10762","P203","1","68","","68"
"OL-4396"," TRN-10762 "," P201 ","2","70","0","140"
"OL-4397","TRN-10763","C301","1","55","0","55"
"OL-4398","TRN-10763","C301","3","55","0","165"
"OL-4398","TRN-10763","C301","3","55","0","165"
"OL-4400"," TRN-10763 ","P201","3","70","0",""
"OL-4401","TRN-10764","C303","3","60","0","180"
" OL-4402 ","","","1","80","0","80"
"OL-4403","TRN-10764","#N/A","1","68","0","68"
"OL-4404","TRN-10765"," C303 ","1","60","0","60"
"OL-4405","TRN-10765","P102","3","80","0","240"
""," TRN-10765 ","C301","2","55","0","110"
"OL-4406","TRN-10765","C301","2","55","0","110"
"OL-4408","TRN-10766"," P201 ","3","70","0.15","178.5"
"OL-4409","TRN-10766","P203","1","68","0.15","57.8"
"OL-4410","TRN-10767","P101","1","85","0","85"
"OL-4411","","P202","2","65","0","130"
"OL-4412","TRN-10768"," P101 ","1","85","0","85"
"OL-4412","TRN-10768","P101","1","85","0","85"
"#N/A","TRN-10769","C301","1","55","0","55"
"","TRN-10769","","1","65","0","65"
"","TRN-10770","P102","3","80","0","240"
"OL-4417","TRN-10770","P101","3","85","0","255"
"OL-4418"," TRN-10770 ","P103","1","","0","95"
"OL-4419","TRN-10770","P101","2","85","0","170"
" OL-4420 "," TRN-10771 ","P202","1","65","","65"
"OL-4421","TRN-10771","C304","2","","0","116"
"OL-4422","TRN-10772","C302","3","50","0","150"
"OL-4423","TRN-10772"," C302 ","3","50","0","150"
"OL-4424","TRN-10772","C302","2","50","0","100"
"OL-4425","","C303","3","","0","180"
"OL-4426","TRN-10773","C301","1","55","0","55"
"","TRN-10773","C302","2","50","0","100"
"OL-4428"," TRN-10773 ","P201","2","70","0","140"
"OL-4429","TRN-10774","P201","2","70","0","140"
" OL-4430 ","TRN-10774","#N/A","","65","0","195"
" OL-4431 ","TRN-10774","P202","2","65","","130"
" OL-4432 ","TRN-10775","C301","1","55","0","55"
"","TRN-10775"," P101 ","3","85","0","255"
"OL-4434","TRN-10775","P202","2","65","0","130"
"OL-4435","","","","68","0","68"
"OL-4435","TRN-10776","P203","1","68","0","68"
" OL-4437 ","TRN-10778","P203","2","68","0","136"
"OL-4438","TRN-10778","P201","1","70","0","70"
"OL-4439","TRN-10778","C301","2","55","0",""
"","TRN-10778","C301","2","55","0","110"
"OL-4441","TRN-10779"," P101 ","2","85","0","170"
"OL-4442","TRN-10779","P102","2","","0","160"
" OL-4443 ","TRN-10780","P101","2","85","0","170"
"OL-4444","TRN-10780","P202","1","65","0","65"
"OL-4445","TRN-10781","C302","1","50","0","50"
"OL-4446","TRN-10781","","1","68","0","68"
" OL-4447 "," TRN-10781 ","P201","3","70","0","210"
"OL-4447","TRN-10781","P201","3","70","0","210"
"OL-4448","TRN-10782","P203","1","68","0","68"
"#N/A","TRN-10782","P101","3","85","0","255"
"OL-4451","TRN-10783","P103","2","95","0","190"
"","TRN-10783","C303","1","60","0","60"
"OL-4452","TRN-10783","C303","1","60","0","60"
"OL-4453","TRN-10784","C303","3","60","0.1","162"
"OL-4454","TRN-10784","P103","3","95","0.1","256.5"
" OL-4456 ","TRN-10785","C301","3","55","0.1","148.5"
"OL-4456","TRN-10785","C301","3","55","0.1","148.5"
"#N/A","TRN-10785","P202","3","65","","175.5"
"OL-4459"," TRN-10786 ","C303","2","60","0.05","114"
"OL-4460","TRN-10786","C303","3","60","0.05","171"
"OL-4461","TRN-10786","","3","60","0.05","171"
"OL-4462","#N/A","C303","2","60","0.05","114"
" OL-4463 ","TRN-10787","P202","1","65","0.1","58.5"
"OL-4464","","P202","2","65","0.1","117"
"OL-4465","TRN-10787","P201","","70","0.1","63"
"OL-4465","TRN-10787","P201","1","70","0.1","63"
"OL-4467","TRN-10789","P202","2","65","0",""
"OL-4468","TRN-10789","P103","2","95","0","190"
"OL-4469","TRN-10789","P103","","95","0","95"
"#N/A","TRN-10790","P103","2","95","0.15","161.5"
"OL-4470","TRN-10790","P103","2","95","0.15","161.5"
"OL-4471","TRN-10790","C302","1","50","0.15","42.5"
"","","C303","2","60","0","120"
" OL-4474 ","","P203","2","68","0","136"
"OL-4475","TRN-10791","","1","70","0","70"
"#N/A","TRN-10791","C304","1","58","","58"
"","TRN-10792","P103","1","95","0",""
"OL-4478","","P201","3","70","0","210"
"#N/A","TRN-10793","P201","2","70","0","140"
"OL-4480","TRN-10793","P103","2","95","0","190"
"OL-4481","TRN-10793","C301","2","55","0","110"
" OL-4482 ","TRN-10794","P102","1","80","0","80"
"OL-4483"," TRN-10794 "," P202 ","2","65","0","130"
"OL-4484","TRN-10795","P102","1","80","0","80"
"OL-4485"," TRN-10795 ","P201","1","70","0","70"
" OL-4486 ","TRN-10796","P203","1","68","0","68"
"OL-4487","TRN-10797"," C303 ","1","60","0.05","57"
"OL-4488","TRN-10797","P201","3","70","0.05","199.5"
" OL-4489 ","TRN-10797","P103","2","95","0.05","180.5"
"#N/A","TRN-10797"," P102 ","1","","0.05","76"
"#N/A","TRN-10798","P103","2","95","0","190"
"OL-4492","TRN-10799","","2","70","0","140"
" OL-4493 ","TRN-10799","","1","68","0","68"
"OL-4494","TRN-10799","P103","1","95","0","95"
" OL-4495 ","TRN-10800","C301","1","55","0.15","46.75"
"OL-4495","TRN-10800","C301","1","55","0.15","46.75"
"OL-4496","TRN-10801","C301","3","55","0","165"
"OL-4498","#N/A","P101","3","85","0","255"
"OL-4499","TRN-10803","P201","1","","","66.5"
"OL-4500","TRN-10804"," P203 ","1","68","0","68"
"OL-4501","TRN-10805","C302","2","50","0.15","85"
"OL-4501","TRN-10805","C302","2","50","0.15","85"
"OL-4503","TRN-10805","","2","70","0.15","119"
"","TRN-10805","P102","","80","","204"
"OL-4505","TRN-10806","P201","1","70","0","70"
" OL-4506 ","TRN-10806","P202","1","65","0","65"
"OL-4507","TRN-10806","C303","1","60","0",""
"OL-4508","TRN-10807","P202","3","65","0","195"
" OL-4509 ","TRN-10808","C302","1","50","0","50"
"OL-4510","#N/A","P102","1","80","0","80"
" OL-4511 ","TRN-10808","P102","3","80","0","240"
"OL-4512","TRN-10808","C302","1","50","0","50"
"OL-4513","TRN-10809","P201","3","70","0","210"
"OL-4514","","P101","3","85","0","255"
"OL-4514","TRN-10809","P101","3","85","0","255"
"OL-4516","TRN-10811","C301","1","55","","55"
"OL-4517","TRN-10811"," C301 ","3","","0","165"
"OL-4518"," TRN-10812 ","C302","1","50","","50"
"OL-4519"," TRN-10812 ","P203","1","68","0","68"
"OL-4520"," TRN-10812 ","C303","2","60","0","120"
" OL-4521 "," TRN-10812 ","P201","2","70","0","140"
"OL-4522","","","1","55","0","55"
"OL-4523","TRN-10813","P201","3","70","0","210"
"OL-4524","TRN-10814","","2","","0","120"
"OL-4525","TRN-10815","P103","1","95","0","95"
" OL-4526 "," TRN-10815 ","P202","2","65","0","130"
""," TRN-10816 ","C303","3","","0","180"
"OL-4528"," TRN-10817 "," P201 ","3","70","0","210"
"OL-4529","TRN-10817"," P202 ","2","65","0","130"
"OL-4530","TRN-10817","P101","2","85","0","170"
"OL-4531"," TRN-10818 ","#N/A","3","58","0","174"
"OL-4532","","","1","55","0","55"
""," TRN-10818 ","P203","3","68","0","204"
"OL-4533","TRN-10818","P203","3","68","0","204"
"OL-4535","TRN-10819","P102","","80","0","240"
"OL-4536","TRN-10819","","1","","0","68"
"OL-4537"," TRN-10820 ","C301","1","55","0.1","49.5"
"OL-4538","TRN-10820","","","58","0.1","156.6"
"OL-4539","TRN-10820","C301","2","55","0.1","99"
"OL-4540","TRN-10820","P103","3","95","0.1","256.5"
"OL-4541","TRN-10821","P203","1","68","0","68"
"OL-4542","TRN-10821","P202","1","","0","65"
"","TRN-10822","C302","3","","0",""
"OL-4543","TRN-10822","C302","3","50","0","150"
"OL-4545","TRN-10822","P102","2","80","0","160"
"OL-4546","TRN-10823","P102","1","80","0","80"
"OL-4547","TRN-10823","P102","2","80","0","160"
"OL-4548","TRN-10823","P203","3","68","0","204"
"OL-4549","","C304","3","58","0","174"
"OL-4550","TRN-10824","P101","2","85","0","170"
"OL-4551"," TRN-10825 ","P101","3","85","0","255"
"OL-4552","TRN-10825","C301","2","55","0","110"
"OL-4553","TRN-10825","P101","1","85","","85"
"OL-4554","TRN-10826","P201","2","","0","140"
"OL-4555","TRN-10826","#N/A","3","80","0","240"
"OL-4556","TRN-10827"," C304 ","3","58","0","174"
"OL-4557","TRN-10827","C301","3","55","0","165"
"OL-4558","TRN-10828","","1","50","","47.5"
"OL-4559","TRN-10828","C304","2","58","0.05","110.2"
"OL-4559","TRN-10828","C304","2","58","0.05","110.2"
"OL-4561","TRN-10828"," C303 ","1","60","0.05","57"
"OL-4562","TRN-10829","P202","1","65","0","65"
""," TRN-10829 "," P102 ","2","80","0","160"
"OL-4564","TRN-10829","C301","3","55","0","165"
"OL-4565","TRN-10830","C301","3","55","0","165"
"OL-4566"," TRN-10831 ","P203","2","68","0.05","129.2"
"","#N/A","#N/A","","55","0.05","104.5"
"OL-4568","TRN-10832","P202","3","65","","195"
"OL-4569","TRN-10833","P202","3","65","0","195"
"OL-4570"," TRN-10833 ","P203","1","68","0","68"
"","TRN-10833"," P103 ","1","95","0","95"
"OL-4572","TRN-10834"," C301 ","1","55","0.1","49.5"
"OL-4573","TRN-10834","P202","","65","0.1","117"
" OL-4574 ","TRN-10835","P201","2","70","0","140"
"","","C304","2","58","0","116"
" OL-4576 ","TRN-10836","P203","3","68","","204"
"OL-4577","TRN-10836","C304","3","58","0","174"
"OL-4578","TRN-10837"," P101 ","3","85","0","255"
"OL-4579","TRN-10838","C301","1","55","0","55"
"OL-4580","","C301","1","55","0",""
"OL-4581","TRN-10839","C303","3","60","0",""
"OL-4582"," TRN-10839 ","","2","55","0",""
" OL-4583 "," TRN-10840 ","","1","60","0.15","51"
"OL-4583","TRN-10840","C303","1","60","0.15","51"
"OL-4585","TRN-10841","C303","1","60","0.15","51"
" OL-4586 ",""," P202 ","2","65","0.15",""
"OL-4587","TRN-10841","P201","1","70","0.15","59.5"
"OL-4588","TRN-10842","C304","1","58","0.05","55.1"
" OL-4589 ","TRN-10843","P201","2","70","0","140"
"OL-4590","","C301","1","55","0","55"
"OL-4591","TRN-10843","C301","2","55","0","110"
"OL-4592","TRN-10844","","3","55","0.05","156.75"
"","TRN-10844","","1","65","0.05","61.75"
"OL-4594","TRN-10844","P201","1","70","0.05","66.5"
"OL-4595"," TRN-10845 ","P101","1","85","0","85"
" OL-4596 ","TRN-10845","P203","1","","0","68"
"OL-4597"," TRN-10846 ","P102","3","80","0.05","228"
"","TRN-10846","P103","1","95","0.05","90.25"
"OL-4599","","P101","2","85","0.05","161.5"
"","TRN-10846","C304","","58","","110.2"
"OL-4601","TRN-10847","P102","3","80","","240"
"","TRN-10847","P203","3","68","0","204"
"OL-4603"," TRN-10847 "," C301 ","1","","0","55"
"OL-4604","TRN-10848","#N/A","2","55","0",""
" OL-4605 ","TRN-10849","P103","2","95","0","190"
"OL-4606","TRN-10849","P103","2","95","0","190"
"OL-4607","","C302","","50","0.05","47.5"
"OL-4607","TRN-10850","C302","1","50","0.05","47.5"
"OL-4609","TRN-10850","P201","1","70","",""
"OL-4609","TRN-10850","P201","1","70","0.05","66.5"
"OL-4610","TRN-10851","P203","3","68","0.15","173.4"
"OL-4612","TRN-10851","P102","1","80","0.15","68"
"OL-4613","TRN-10851","C302","3","50","0.15","127.5"
"","TRN-10852","","2","80","0","160"
"OL-4615","TRN-10852","C304","1","58","","58"
"OL-4616","TRN-10853","P102","1","80","0.05","76"
"OL-4617","TRN-10853","P102","1","80","0.05",""
"OL-4618"," TRN-10853 ","P103","1","95","0.05","90.25"
"OL-4619","TRN-10854","P101","3","85","","255"
"","TRN-10855","C303","2","60","0.1","108"
"OL-4621","TRN-10855","P101","1","85","0.1","76.5"
" OL-4622 ","TRN-10855","P202","","65","0.1","117"
" OL-4623 ","TRN-10856","","2","60","0",""
"OL-4623","TRN-10856","C303","2","60","0","120"
"OL-4625","TRN-10857","C304","3","58","0","174"
"OL-4626","","C304","2","58","0","116"
"OL-4627","TRN-10857","P203","3","68","0","204"
"OL-4628","TRN-10858","P201","3","70","0","210"
"OL-4629","TRN-10858"," P201 ","1","70","0","70"
"OL-4630","TRN-10858","","3","95","0","285"
"OL-4630","TRN-10858","P103","3","95","0","285"
"OL-4632","TRN-10859","C302","1","50","0","50"
"OL-4633"," TRN-10860 ","P101","2","85","","170"
"OL-4633","TRN-10860","P101","2","85","0","170"
"OL-4635","","","","95","0","95"
"OL-4636","TRN-10861","P102","3","80","0","240"
"OL-4637","TRN-10861","P103","1","95","0","95"
"","#N/A","P201","3","70","0.05","199.5"
"OL-4639","#N/A","P201","2","70","0.05","133"
"","TRN-10862","C304","2","58","0.05","110.2"
"OL-4640","TRN-10862","C304","2","58","0.05","110.2"
"OL-4642","TRN-10863","C302","2","50","0","100"
"","TRN-10863","C303","2","60","0","120"
"OL-4644","TRN-10863","P101","3","85","0","255"
"OL-4645"," TRN-10863 "," C303 ","3","60","0","180"
" OL-4646 "," TRN-10864 ","C302","3","50","0.05","142.5"
"OL-4647","TRN-10864","C302","2","50","0.05","95"
"OL-4648","TRN-10865","C301","3","55","0.05","156.75"
"OL-4649","TRN-10866","#N/A","3","70","0","210"
"OL-4650","TRN-10866","C303","3","60","0","180"
"OL-4650","TRN-10866","C303","3","60","0","180"
"OL-4652"," TRN-10866 ","C301","3","55","0",""
"OL-4653","#N/A","P203","1","68","0.05","64.6"
"","TRN-10868","P101","","85","0","255"
"#N/A","","P202","3","65","",""
"OL-4656","","","1","68","0","68"
"OL-4656","TRN-10868","P203","1","68","0","68"
"OL-4658","TRN-10869","P203","1","68","0.1","61.2"
" OL-4659 ","TRN-10869"," C301 ","3","55","0.1","148.5"
"OL-4660","TRN-10870","P201","2","","0","140"
" OL-4661 ","TRN-10870","P102","2","80","0","160"
"OL-4662","TRN-10870","P101","","85","0",""
"OL-4663","TRN-10870","C302","3","50","0","150"
"OL-4664","TRN-10871","C304","3","58","0","174"
" OL-4665 ","TRN-10871"," C304 ","3","58","0","174"
"OL-4666"," TRN-10871 ","C304","3","58","0","174"
"OL-4666","TRN-10871","C304","3","58","0","174"
"OL-4668"," TRN-10872 ","C302","2","50","0.05","95"
"","TRN-10872","","1","68","","64.6"
"OL-4670","TRN-10872","C304","","58","0.05","165.3"
"OL-4671","TRN-10873","P101","1","85","0","85"
"OL-4672","TRN-10873","C304","2","58","0","116"
"OL-4673","TRN-10873","P102","1","80","0","80"
"OL-4674","TRN-10873","","1","55","0","55"
" OL-4675 ","TRN-10874","P103","1","95","0","95"
"OL-4676",""," C304 ","1","","0","58"
""," TRN-10874 "," C304 ","2","58","0","116"
"OL-4678","TRN-10875","P202","3","65","0.1","175.5"
"OL-4679","TRN-10875","","2","65","0.1","117"
"OL-4680","TRN-10875","C302","1","50","0.1",""
"OL-4681","TRN-10875","P203","2","68","0.1","122.4"
"OL-4681","TRN-10875","P203","2","68","0.1","122.4"
"OL-4683","TRN-10876"," P201 ","3","70","0.1","189"
"","TRN-10876","C301","","55","0.1","49.5"
"OL-4685","TRN-10877","C302","2","","0","100"
"OL-4686","TRN-10877","P203","3","68","0","204"
"OL-4686","TRN-10877","P203","3","68","0","204"
"OL-4688","TRN-10877","P102","1","","0","80"
"OL-4689","","P202","1","","0.15","55.25"
"OL-4689","TRN-10878","P202","1","65","0.15","55.25"
"OL-4691","TRN-10879","C303","2","","0.1","108"
"#N/A","TRN-10879","C304","2","58","0.1","104.4"
"OL-4693"," TRN-10880 ","","3","80","0","240"
"OL-4694","TRN-10881","P201","3","","0","210"
"OL-4694","TRN-10881","P201","3","70","0","210"
"OL-4696","TRN-10882","P102","3","80","0","240"
"OL-4697","TRN-10882","C301","2","55","0","110"
"OL-4698","TRN-10883","P103","3","95","0.1","256.5"
"OL-4698","TRN-10883","P103","3","95","0.1","256.5"
"#N/A"," TRN-10884 ","P103","3","95","0","285"
"OL-4700","TRN-10884","P103","3","95","0","285"
"OL-4702","TRN-10884","P201","","70","0","70"
"OL-4703","TRN-10885"," C302 ","2","50","0",""
"OL-4704","TRN-10885","P102","3","80","0","240"
"OL-4704","TRN-10885","P102","3","80","0","240"
"OL-4706","TRN-10885","P201","","70","0","140"
" OL-4707 ","TRN-10886","C304","1","58","0","58"
"OL-4708","TRN-10886","P202","3","65","0","195"
"OL-4709","","P203","3","68","0","204"
"OL-4709","TRN-10887","P203","3","68","0","204"
"OL-4711","TRN-10887"," P101 ","1","85","","85"
"OL-4712","TRN-10888","P201","3","70","","189"
"OL-4713","TRN-10888","","2","58","0.1",""
"OL-4713","TRN-10888","C304","2","58","0.1","104.4"
"","TRN-10888"," P102 ","2","","0.1","144"
"OL-4716","#N/A","C301","1","55","0","55"
"OL-4717","#N/A","P101","","85","0","255"
"OL-4718","","C301","1","55","","55"
"OL-4719","TRN-10890","P101","","85","0","255"
"OL-4720","#N/A","C304","3","58","0","174"
" OL-4721 "," TRN-10891 ","C303","2","60","0","120"
"OL-4721","TRN-10891","C303","2","60","0","120"
"OL-4723","TRN-10891","C302","3","50","0","150"
"OL-4724","TRN-10891","","3","55","0","165"
"OL-4725","TRN-10892"," P101 ","2","85","0","170"
"","TRN-10893","C303","1","60","0",""
"OL-4727","TRN-10893","P101","3","","0","255"
"","TRN-10893","P203","","68","0","136"
"OL-4729","","C304","3","","0","174"
"OL-4730","TRN-10894","C301","1","55","0.05","52.25"
"OL-4731","TRN-10895","P202","1","65","0.15","55.25"
"OL-4732","TRN-10895"," P101 ","2","85","","144.5"
"OL-4733","TRN-10896","","2","50","0","100"
"OL-4734","TRN-10897"," P202 ","3","65","0","195"
"OL-4734","TRN-10897","P202","3","65","0","195"
"OL-4736","TRN-10897","P201","2","70","0","140"
" OL-4737 "," TRN-10897 ","P201","2","70","0","140"
"OL-4738","TRN-10898","C304","1","58","0",""
"OL-4739"," TRN-10898 ","","3","70","0","210"
"OL-4740"," TRN-10898 "," P102 ","3","80","0","240"
"","TRN-10899","C304","1","58","","58"
"OL-4742","","C301","3","55","0","165"
"OL-4743","TRN-10900","C301","2","55","0","110"
"","TRN-10900","P103","3","95","0",""
"OL-4745","TRN-10900","P103","","95","0","95"
"OL-4746","TRN-10901","#N/A","1","85","0.05","80.75"
"OL-4747","","C301","1","","","52.25"
"#N/A"," TRN-10901 ","C303","1","60","0.05","57"
"OL-4749","TRN-10901"," C302 ","2","50","0.05","95"
" OL-4750 ","TRN-10902"," C301 ","","55","0","55"
"OL-4751","TRN-10902","C301","1","55","0","55"
"OL-4752","TRN-10903"," C302 ","1","50","0","50"
"OL-4753","TRN-10903","P201","2","70","0","140"
"OL-4753","TRN-10903","P201","2","70","0","140"
"OL-4754","TRN-10904","C301","2","55","0","110"
"OL-4756","TRN-10905","C302","2","50","0.1","90"
" OL-4757 "," TRN-10905 ","P103","2","95","0.1","171"
"OL-4758"," TRN-10906 "," C304 ","2","58","","116"
"OL-4759"," TRN-10907 ","P103","2","95","0","190"
"OL-4760","TRN-10907","P202","2","65","0","130"
"OL-4761","","P101","1","85","0","85"
"OL-4761","TRN-10908","P101","1","85","0","85"
"OL-4762","TRN-10909","P203","3","68","0","204"
"","TRN-10910","P101","3","","0","255"
"OL-4765"," TRN-10910 ","P102","1","80","0","80"
"OL-4766","","C301","1","55","0","55"
"OL-4767","","P203","","68","0","136"
"","TRN-10911","P202","1","65","0","65"
"OL-4768","TRN-10911","P202","1","65","0","65"
"OL-4770"," TRN-10911 ","C301","3","55","0","165"
"OL-4771"," TRN-10912 ","C302","3","50","0.15","127.5"
"OL-4772","TRN-10912","#N/A","1","","0.15","46.75"
"OL-4773","TRN-10912","P202","2","65","0.15","110.5"
"OL-4773","TRN-10912","P202","2","65","0.15","110.5"
"OL-4775","TRN-10913","P102","1","80","0",""
"OL-4776"," TRN-10913 ","P102","3","80","0",""
" OL-4777 ","TRN-10913","P102","3","80","0","240"
"OL-4777","TRN-10913","P102","3","80","0","240"
"OL-4779","TRN-10914","#N/A","1","55","0","55"
"OL-4780","TRN-10915","P201","2","70","0","140"
" OL-4781 ","TRN-10915","","3","55","0","165"
"OL-4782","TRN-10915"," P101 ","1","85","0",""
"OL-4783","TRN-10916","P201","2","70","0","140"
" OL-4784 ","TRN-10916","","2","68","0",""
"OL-4785"," TRN-10917 ","P201","3","70","0","210"
"","TRN-10917","C304","1","58","0",""
"","TRN-10918","P101","1","85","0.1","76.5"
"OL-4788","TRN-10918","C304","2","58","0.1","104.4"
"OL-4788","TRN-10918","C304","2","58","0.1","104.4"
" OL-4790 ","TRN-10919","C302","3","50","0","150"
"OL-4791","TRN-10919","P202","2","65","0",""
"OL-4792","","C303","1","60","0","60"
"OL-4793","TRN-10920","C302","1","50","0","50"
"OL-4794","TRN-10921","C304","1","58","0","58"
"OL-4795","TRN-10921","P203","1","68","0","68"
"OL-4796","TRN-10922","#N/A","1","65","0.1","58.5"
"OL-4797","TRN-10922","C302","2","","0.1","90"
"","TRN-10922","C303","1","","0.1","54"
"OL-4798","TRN-10922","C303","1","60","0.1","54"
"OL-4800"," TRN-10923 ","P103","","95","0","95"
"OL-4801","TRN-10924","C302","2","50","0.15","85"
"OL-4801","TRN-10924","C302","2","50","0.15","85"
" OL-4803 ","TRN-10924","C301","2","","0.15","93.5"
"OL-4804"," TRN-10925 ","C301","1","55","0","55"
"OL-4805",""," P102 ","2","80","0","160"
"OL-4805","TRN-10925","P102","2","80","0","160"
"OL-4807","TRN-10925","P203","2","68","0","136"
" OL-4808 ","","P101","3","","0.1","229.5"
"OL-4808","TRN-10926","P101","3","85","0.1","229.5"
"OL-4810","TRN-10926","P202","2","65","0.1",""
"OL-4811","TRN-10926","C303","1","60","0.1","54"
"OL-4812","TRN-10927","C303","2","60","0.1","108"
"OL-4813","TRN-10927","C301","1","55","","49.5"
"","","P101","3","85","0","255"
"OL-4815","TRN-10928","P102","3","80","0","240"
"OL-4815","TRN-10928","P102","3","80","0","240"
"OL-4817","TRN-10928"," C302 ","3","50","0","150"
"OL-4818","#N/A"," P202 ","3","65","0.15",""
"OL-4819","TRN-10930","P203","3","68","0.1","183.6"
"OL-4819","TRN-10930","P203","3","68","0.1","183.6"
"OL-4821","","","3","50","","135"
"OL-4822","#N/A","","3","55","0.1",""
"OL-4822","TRN-10931","C301","3","55","0.1","148.5"
"OL-4824","TRN-10932","P201","1","70","0","70"
"OL-4824","TRN-10932","P201","1","70","0","70"
"OL-4826","TRN-10932","C302","3","50","0","150"
"#N/A","TRN-10932","","","60","0","180"
"OL-4828","TRN-10933","P202","2","65","0","130"
"OL-4828","TRN-10933","P202","2","65","0","130"
"OL-4830","","","","80","0","240"
"OL-4831","TRN-10934","P103","1","95","","95"
"OL-4832","","P202","3","65","0","195"
" OL-4833 ","#N/A","P102","1","80","0","80"
"","TRN-10935"," P101 ","3","85","","216.75"
"OL-4835","TRN-10936","C301","","55","0.1","99"
"OL-4835","TRN-10936","C301","2","55","0.1","99"
"OL-4837","TRN-10936","P203","2","68","0.1","122.4"
"OL-4838","TRN-10937","","1","85","0","85"
"","TRN-10937","C304","3","58","0","174"
"OL-4840","TRN-10937","C304","2","58","0","116"
"OL-4840","TRN-10937","C304","2","58","0","116"
"OL-4841","TRN-10937","C302","1","50","0","50"
"OL-4842","TRN-10938","C301","3","55","0","165"
"OL-4844","TRN-10938","C304","1","58","0","58"
"","TRN-10939","C304","3","58","0",""
"OL-4846","TRN-10939","P103","1","95","0","95"
""," TRN-10939 ","P202","1","65","0","65"
"OL-4848","TRN-10940","","3","68","0.05","193.8"
"#N/A","TRN-10941","P101","3","85","0.05","242.25"
"OL-4850","TRN-10942","C304","1","58","0.1","52.2"
"OL-4851","TRN-10943","C304","2","58","","116"
"OL-4852","TRN-10943","P201","1","70","0","70"
"OL-4853","#N/A","P202","1","65","0","65"
" OL-4854 ","TRN-10944","P102","3","80","0","240"
"OL-4855"," TRN-10944 ","P201","1","","","70"
"OL-4856"," TRN-10945 "," C303 ","","60","0","180"
" OL-4857 ","TRN-10945","P201","3","70","",""
"OL-4857","TRN-10945","P201","3","70","0","210"
"","TRN-10945","C302","3","50","","150"
"OL-4860","TRN-10946","P102","1","80","0.1","72"
"OL-4860","TRN-10946","P102","1","80","0.1","72"
"OL-4862","TRN-10947","P203","3","68","0","204"
"OL-4863","TRN-10948","","3","80","0","240"
"OL-4864","TRN-10948","P101","3","85","0","255"
"OL-4865","TRN-10948","P203","3","","0","204"
"OL-4865","TRN-10948","P203","3","68","0","204"
"OL-4867","TRN-10950","C301","2","55","0","110"
" OL-4868 ","","C301","","55","0","55"
""," TRN-10950 "," P102 ","1","80","0","80"
"OL-4870","TRN-10951","C301","1","55","0.15","46.75"
"OL-4871","TRN-10952","P202","2","65","0.15","110.5"
"OL-4872","TRN-10953","P103","3","95","0",""
"OL-4873","TRN-10953","C303","1","","0","60"
"OL-4873","TRN-10953","C303","1","60","0","60"
"OL-4875","TRN-10953","C301","2","55","0","110"
"OL-4876","TRN-10954","","2","65","0.1",""
"OL-4877","TRN-10954","P101","1","85","0.1","76.5"
"OL-4878","TRN-10954","","","50","0.1","45"
"OL-4878","TRN-10954","C302","1","50","0.1","45"
"OL-4880","TRN-10955"," P201 ","2","70","0","140"
""," TRN-10955 ","C303","2","60","","120"
""," TRN-10955 ","P203","1","68","0",""
"OL-4883","TRN-10956","P101","3","85","0",""
"OL-4883","TRN-10956","P101","3","85","0","255"
"OL-4885","","P201","3","70","","189"
"OL-4886","","P203","3","68","0.1","183.6"
"OL-4887","TRN-10958","P103","2","95","0.1","171"
"OL-4888","TRN-10958","C301","2","","0.1","99"
"OL-4889","TRN-10959"," C303 ","1","60","0","60"
"OL-4890","TRN-10960","P103","3","95","0","285"
"OL-4891","TRN-10960","#N/A","3","68","0","204"
" OL-4892 ","TRN-10960","P202","2","","0",""
"OL-4893","TRN-10960","P102","1","80","0","80"
"OL-4893","TRN-10960","P102","1","80","0","80"
"OL-4895","TRN-10962","","3","","0","255"
"OL-4895","TRN-10962","P101","3","85","0","255"
"OL-4897","TRN-10963","C303","1","60","0","60"
"","TRN-10963","","1","","0","65"
"","TRN-10963"," P101 ","2","85","","170"
""," TRN-10964 ","","","68","0","204"
" OL-4901 ","","C302","3","","0","150"
"OL-4902","TRN-10964","P202","1","65","0","65"
"OL-4903","","P203","1","68","0","68"
"OL-4904","","C303","3","60","0","180"
"OL-4905","TRN-10965","P202","2","65","0","130"
"","TRN-10965"," C303 ","2","60","0","120"
"OL-4907","TRN-10966","P102","2","80","","160"
"OL-4908"," TRN-10966 "," C303 ","2","60","0","120"
" OL-4909 ","TRN-10966"," P201 ","","70","0","140"
" OL-4910 ","TRN-10967","P102","1","80","0","80"
"OL-4911","TRN-10967","P103","3","95","0","285"
"OL-4912","TRN-10968","C303","2","60","0","120"
"OL-4913","TRN-10969","C302","3","","0.05","142.5"
"OL-4913","TRN-10969","C302","3","50","0.05","142.5"
"OL-4915","TRN-10970","P103","2","95","0","190"
"OL-4916","","C303","","60","0","180"
"OL-4916","TRN-10970","C303","3","60","0","180"
"OL-4918","TRN-10971","C304","3","58","","174"
"OL-4919","TRN-10971"," C301 ","3","55","0","165"
"","","C302","1","50","0","50"
"OL-4921","TRN-10972","P202","2","65","","130"
"OL-4922","TRN-10973","P103","2","95","0","190"
" OL-4923 ","#N/A","P201","2","70","0","140"
" OL-4924 ","TRN-10974","P101","1","85","0","85"
"","TRN-10974","P203","1","68","0","68"
"OL-4926","TRN-10974","C302","","50","0","100"
"OL-4927","","C304","3","58","0","174"
" OL-4928 ","TRN-10976","#N/A","3","70","0.15","178.5"
"OL-4928","TRN-10976","P201","3","70","0.15","178.5"
"OL-4929","TRN-10977","P201","1","70","0","70"
"OL-4931"," TRN-10977 ","C303","1","60","0","60"
"OL-4931","TRN-10977","C303","1","60","0","60"
"OL-4933"," TRN-10978 ","P203","3","68","0","204"
"OL-4934","TRN-10978","C304","3","58","0","174"
"OL-4935","TRN-10978","#N/A","1","70","0","70"
"OL-4936","TRN-10979","P203","2","68","0","136"
"","","P103","3","95","0","285"
"OL-4937","TRN-10979","P103","3","95","0","285"
"OL-4939","TRN-10981"," P101 ","1","85","0","85"
" OL-4940 ","TRN-10981","P201","2","","","140"
"OL-4941","","P203","2","68","0","136"
"OL-4942","TRN-10982","C302","3","","0","150"
"","TRN-10982","","3","50","0","150"
" OL-4944 ","TRN-10982","P202","1","65","",""
"OL-4945","TRN-10983","P102","1","80","0","80"
"OL-4946","TRN-10984","P102","2","80","",""
" OL-4947 ","TRN-10985","P103","1","95","0","95"
"","TRN-10985","P102","1","80","0","80"
"","TRN-10985","P103","2","","0","190"
"OL-4950","TRN-10986","P103","1","95","0.15","80.75"
"",""," P103 ","1","95","0","95"
"OL-4952","TRN-10987","C303","1","60","0","60"
"OL-4952","TRN-10987","C303","1","60","0","60"
"OL-4954","TRN-10988","","3","80","","240"
"OL-4955","TRN-10989","P201","3","70","0","210"
"OL-4956"," TRN-10989 ","P102","3","80","0","240"
"OL-4957"," TRN-10989 ","P102","2","80","0","160"
"OL-4958","","C304","3","58","0","174"
" OL-4959 ","#N/A","P103","2","95","","161.5"
"OL-4960","","","3","70","0.15","178.5"
"OL-4960","TRN-10991","P201","3","70","0.15","178.5"
"","TRN-10992","","3","60","0","180"
"OL-4963"," TRN-10992 ","C301","1","55","0","55"
"OL-4964","TRN-10992"," P203 ","3","68","0","204"
"OL-4965","TRN-10993","P201","2","","0","140"
"OL-4966","TRN-10993"," P102 ","2","80","0","160"
"OL-4967","TRN-10993","","1","95","0","95"
"OL-4968","TRN-10993"," C303 ","","","","60"
"OL-4969","TRN-10994","P201","1","70","0","70"
"OL-4969","TRN-10994","P201","1","70","0","70"
"OL-4970","TRN-10994","C304","3","58","0","174"
"OL-4972","TRN-10996","P201","1","70","0","70"
"","TRN-10996","P103","","","","285"
" OL-4974 ","TRN-10996","C301","2","","",""
"OL-4975","#N/A","P101","1","85","0","85"
"OL-4975","TRN-10996","P101","1","85","0","85"
" OL-4977 ","TRN-10997"," C304 ","","58","0","116"
"OL-4978","TRN-10998","P102","2","80","0","160"
"OL-4979","#N/A","C304","","58","0","116"
"OL-4980","TRN-10999"," P103 ","2","95","0","190"
"OL-4981","TRN-10999","P202","2","65","0","130"
" OL-4982 "," TRN-11000 ","P203","3","68","0","204"
"OL-4983","TRN-11000","C302","3","50","0","150"
"OL-4984","TRN-11000","P101","2","85","0","170"